risk_id;cve_id;description;cvss_score;ports;protocols;ip_ranges;source;last_updated
R001;;Active Users - On some UNIX machines, creating a TCP connection to this port will dump the active processes and who launched them.;5.0;11;tcp;0.0.0.0/0;Predefined;03/03/2025
R002;;FTP Data- Unencrypted file transfer;5.0;20;tcp;0.0.0.0/0;Predefined;03/03/2025
R003;;FTP Control- Unencrypted file transfer;5.0;21;tcp;0.0.0.0/0;Predefined;03/03/2025
R004;;SSH - Brute force risk is exposed;7.5;22;tcp;0.0.0.0/0;Predefined;03/03/2025
R005;;Telnet - Unecnrypted, deprecated;9.0;23;tcp;0.0.0.0/0;Predefined;03/03/2025
R006;;SMTP - Often targeted for spam and phishing attacks;8.0;25;tcp;0.0.0.0/0;Predefined;03/03/2025
R007;;DNS - Can be exploited for DNS amplification attacks;8.0;53;udp;0.0.0.0/0;Predefined;03/03/2025
R008;;HTTP - Unecnrypted traffic;4.0;80;tcp;0.0.0.0/0;Predefined;03/03/2025
R009;;POP3 - Like FTP, it transmits data in plain text;4.0;110;tcp;0.0.0.0/0;Predefined;03/03/2025
R010;;IMAP - Another email protocol that transmits data in plain text;4.0;143;tcp;0.0.0.0/0;Predefined;03/03/2025
R011;;SMB - Wormable exploits;9.0;445;tcp;0.0.0.0/0;Predefined;03/03/2025
R012;;RDP - Remote exploit risk;8.0;3389;tcp;0.0.0.0/0;Predefined;03/03/2025
R013;;OpenVPN - VPN misconfig risk;6.0;1194;udp;0.0.0.0/0;Predefined;03/03/2025
R014;;PPTP VPN - Weak encryption;7.0;1723;tcp;0.0.0.0/0;Predefined;03/03/2025
R015;;HTTP Alt - Often unprotected;5.0;8080;tcp;0.0.0.0/0;Predefined;03/03/2025
R016;;Reported abusive IP;10.0;;;45.56.83.247;AbuseIPDB;03/03/2025
R017;;Reported abusive IP;10.0;;;27.118.25.248;AbuseIPDB;03/03/2025
R018;;Reported abusive IP;10.0;;;64.62.197.185;AbuseIPDB;03/03/2025
R019;;Reported abusive IP;10.0;;;66.175.220.105;AbuseIPDB;03/03/2025
R020;;Reported abusive IP;10.0;;;64.62.197.171;AbuseIPDB;03/03/2025
R021;;Reported abusive IP;10.0;;;69.57.161.25;AbuseIPDB;03/03/2025
R022;;Reported abusive IP;10.0;;;64.62.197.125;AbuseIPDB;03/03/2025
R023;;Reported abusive IP;10.0;;;20.171.28.206;AbuseIPDB;03/03/2025
R024;;Reported abusive IP;10.0;;;196.219.84.19;AbuseIPDB;03/03/2025
R025;;Reported abusive IP;10.0;;;98.20.10.87;AbuseIPDB;03/03/2025
R026;;Reported abusive IP;10.0;;;207.90.244.11;AbuseIPDB;03/03/2025
R027;;Reported abusive IP;10.0;;;193.163.125.116;AbuseIPDB;03/03/2025
R028;;Reported abusive IP;10.0;;;216.218.206.92;AbuseIPDB;03/03/2025
R029;;Reported abusive IP;10.0;;;189.8.108.39;AbuseIPDB;03/03/2025
R030;;Reported abusive IP;10.0;;;61.222.160.11;AbuseIPDB;03/03/2025
R031;;Reported abusive IP;10.0;;;91.196.152.105;AbuseIPDB;03/03/2025
R032;;Reported abusive IP;10.0;;;45.79.110.218;AbuseIPDB;03/03/2025
R033;;Reported abusive IP;10.0;;;122.117.41.146;AbuseIPDB;03/03/2025
R034;;Reported abusive IP;10.0;;;85.30.149.32;AbuseIPDB;03/03/2025
R035;;Reported abusive IP;10.0;;;201.121.206.198;AbuseIPDB;03/03/2025
R036;;Reported abusive IP;10.0;;;20.150.207.82;AbuseIPDB;03/03/2025
R037;;Reported abusive IP;10.0;;;193.163.125.129;AbuseIPDB;03/03/2025
R038;;Reported abusive IP;10.0;;;60.46.231.218;AbuseIPDB;03/03/2025
R039;;Reported abusive IP;10.0;;;64.62.197.65;AbuseIPDB;03/03/2025
R040;;Reported abusive IP;10.0;;;64.62.197.83;AbuseIPDB;03/03/2025
R041;;Reported abusive IP;10.0;;;43.163.203.55;AbuseIPDB;03/03/2025
R042;;Reported abusive IP;10.0;;;125.228.163.111;AbuseIPDB;03/03/2025
R043;;Reported abusive IP;10.0;;;64.62.197.201;AbuseIPDB;03/03/2025
R044;;Reported abusive IP;10.0;;;193.3.53.5;AbuseIPDB;03/03/2025
R045;;Reported abusive IP;10.0;;;47.236.42.116;AbuseIPDB;03/03/2025
R046;;Reported abusive IP;10.0;;;49.213.166.180;AbuseIPDB;03/03/2025
R047;;Reported abusive IP;10.0;;;139.144.235.132;AbuseIPDB;03/03/2025
R048;;Reported abusive IP;10.0;;;118.233.221.93;AbuseIPDB;03/03/2025
R049;;Reported abusive IP;10.0;;;218.157.37.145;AbuseIPDB;03/03/2025
R050;;Reported abusive IP;10.0;;;104.237.156.209;AbuseIPDB;03/03/2025
R051;;Reported abusive IP;10.0;;;195.178.110.65;AbuseIPDB;03/03/2025
R052;;Reported abusive IP;10.0;;;64.62.197.232;AbuseIPDB;03/03/2025
R053;;Reported abusive IP;10.0;;;64.62.156.54;AbuseIPDB;03/03/2025
R054;;Reported abusive IP;10.0;;;114.34.85.96;AbuseIPDB;03/03/2025
R055;;Reported abusive IP;10.0;;;170.187.163.133;AbuseIPDB;03/03/2025
R056;;Reported abusive IP;10.0;;;122.116.160.178;AbuseIPDB;03/03/2025
R057;;Reported abusive IP;10.0;;;61.191.171.2;AbuseIPDB;03/03/2025
R058;;Reported abusive IP;10.0;;;122.117.18.160;AbuseIPDB;03/03/2025
R059;;Reported abusive IP;10.0;;;173.255.223.124;AbuseIPDB;03/03/2025
R060;;Reported abusive IP;10.0;;;134.122.99.72;AbuseIPDB;03/03/2025
R061;;Reported abusive IP;10.0;;;216.218.206.122;AbuseIPDB;03/03/2025
R062;;Reported abusive IP;10.0;;;91.196.152.24;AbuseIPDB;03/03/2025
R063;;Reported abusive IP;10.0;;;143.42.1.52;AbuseIPDB;03/03/2025
R064;;Reported abusive IP;10.0;;;143.42.1.128;AbuseIPDB;03/03/2025
R065;;Reported abusive IP;10.0;;;218.92.0.169;AbuseIPDB;03/03/2025
R066;;Reported abusive IP;10.0;;;59.126.87.86;AbuseIPDB;03/03/2025
R067;;Reported abusive IP;10.0;;;122.117.122.47;AbuseIPDB;03/03/2025
R068;;Reported abusive IP;10.0;;;216.218.206.85;AbuseIPDB;03/03/2025
R069;;Reported abusive IP;10.0;;;20.171.29.93;AbuseIPDB;03/03/2025
R070;;Reported abusive IP;10.0;;;31.215.94.255;AbuseIPDB;03/03/2025
R071;;Reported abusive IP;10.0;;;203.83.233.37;AbuseIPDB;03/03/2025
R072;;Reported abusive IP;10.0;;;103.203.59.16;AbuseIPDB;03/03/2025
R073;;Reported abusive IP;10.0;;;161.35.9.83;AbuseIPDB;03/03/2025
R074;;Reported abusive IP;10.0;;;143.42.164.127;AbuseIPDB;03/03/2025
R075;;Reported abusive IP;10.0;;;125.228.84.89;AbuseIPDB;03/03/2025
R076;;Reported abusive IP;10.0;;;139.162.113.212;AbuseIPDB;03/03/2025
R077;;Reported abusive IP;10.0;;;59.126.136.131;AbuseIPDB;03/03/2025
R078;;Reported abusive IP;10.0;;;103.218.241.7;AbuseIPDB;03/03/2025
R079;;Reported abusive IP;10.0;;;165.227.147.215;AbuseIPDB;03/03/2025
R080;;Reported abusive IP;10.0;;;81.29.140.5;AbuseIPDB;03/03/2025
R081;;Reported abusive IP;10.0;;;59.126.47.47;AbuseIPDB;03/03/2025
R082;;Reported abusive IP;10.0;;;90.226.200.58;AbuseIPDB;03/03/2025
R083;;Reported abusive IP;10.0;;;196.251.71.213;AbuseIPDB;03/03/2025
R084;;Reported abusive IP;10.0;;;199.45.154.180;AbuseIPDB;03/03/2025
R085;;Reported abusive IP;10.0;;;193.163.125.150;AbuseIPDB;03/03/2025
R086;;Reported abusive IP;10.0;;;64.62.197.198;AbuseIPDB;03/03/2025
R087;;Reported abusive IP;10.0;;;185.180.141.5;AbuseIPDB;03/03/2025
R088;;Reported abusive IP;10.0;;;20.150.204.7;AbuseIPDB;03/03/2025
R089;;Reported abusive IP;10.0;;;111.161.65.209;AbuseIPDB;03/03/2025
R090;;Reported abusive IP;10.0;;;193.163.125.127;AbuseIPDB;03/03/2025
R091;;Reported abusive IP;10.0;;;184.105.247.199;AbuseIPDB;03/03/2025
R092;;Reported abusive IP;10.0;;;193.163.125.235;AbuseIPDB;03/03/2025
R093;;Reported abusive IP;10.0;;;65.49.1.18;AbuseIPDB;03/03/2025
R094;;Reported abusive IP;10.0;;;91.196.152.8;AbuseIPDB;03/03/2025
R095;;Reported abusive IP;10.0;;;199.45.154.191;AbuseIPDB;03/03/2025
R096;;Reported abusive IP;10.0;;;216.218.206.110;AbuseIPDB;03/03/2025
R097;;Reported abusive IP;10.0;;;125.228.47.45;AbuseIPDB;03/03/2025
R098;;Reported abusive IP;10.0;;;47.251.90.27;AbuseIPDB;03/03/2025
R099;;Reported abusive IP;10.0;;;8.211.52.6;AbuseIPDB;03/03/2025
R100;;Reported abusive IP;10.0;;;59.126.47.168;AbuseIPDB;03/03/2025
R101;;Reported abusive IP;10.0;;;193.163.125.229;AbuseIPDB;03/03/2025
R102;;Reported abusive IP;10.0;;;8.219.9.139;AbuseIPDB;03/03/2025
R103;;Reported abusive IP;10.0;;;39.104.22.65;AbuseIPDB;03/03/2025
R104;;Reported abusive IP;10.0;;;65.49.1.124;AbuseIPDB;03/03/2025
R105;;Reported abusive IP;10.0;;;122.116.134.171;AbuseIPDB;03/03/2025
R106;;Reported abusive IP;10.0;;;64.62.156.113;AbuseIPDB;03/03/2025
R107;;Reported abusive IP;10.0;;;51.81.144.39;AbuseIPDB;03/03/2025
R108;;Reported abusive IP;10.0;;;185.224.0.29;AbuseIPDB;03/03/2025
R109;;Reported abusive IP;10.0;;;1.40.153.124;AbuseIPDB;03/03/2025
R110;;Reported abusive IP;10.0;;;204.76.203.70;AbuseIPDB;03/03/2025
R111;;Reported abusive IP;10.0;;;47.254.243.146;AbuseIPDB;03/03/2025
R112;;Reported abusive IP;10.0;;;151.177.78.165;AbuseIPDB;03/03/2025
R113;;Reported abusive IP;10.0;;;114.35.46.40;AbuseIPDB;03/03/2025
R114;;Reported abusive IP;10.0;;;114.170.84.187;AbuseIPDB;03/03/2025
R115;;Reported abusive IP;10.0;;;193.163.125.242;AbuseIPDB;03/03/2025
R116;;Reported abusive IP;10.0;;;199.45.154.188;AbuseIPDB;03/03/2025
R117;;Reported abusive IP;10.0;;;106.75.154.136;AbuseIPDB;03/03/2025
R118;;Reported abusive IP;10.0;;;65.49.20.71;AbuseIPDB;03/03/2025
R119;;Reported abusive IP;10.0;;;47.251.47.128;AbuseIPDB;03/03/2025
R120;;Reported abusive IP;10.0;;;45.156.131.9;AbuseIPDB;03/03/2025
R121;;Reported abusive IP;10.0;;;92.255.85.107;AbuseIPDB;03/03/2025
R122;;Reported abusive IP;10.0;;;193.163.125.240;AbuseIPDB;03/03/2025
R123;;Reported abusive IP;10.0;;;216.218.206.118;AbuseIPDB;03/03/2025
R124;;Reported abusive IP;10.0;;;47.251.92.171;AbuseIPDB;03/03/2025
R125;;Reported abusive IP;10.0;;;206.189.120.50;AbuseIPDB;03/03/2025
R126;;Reported abusive IP;10.0;;;59.127.84.223;AbuseIPDB;03/03/2025
R127;;Reported abusive IP;10.0;;;165.23.244.219;AbuseIPDB;03/03/2025
R128;;Reported abusive IP;10.0;;;64.62.197.11;AbuseIPDB;03/03/2025
R129;;Reported abusive IP;10.0;;;45.79.104.47;AbuseIPDB;03/03/2025
R130;;Reported abusive IP;10.0;;;125.229.44.63;AbuseIPDB;03/03/2025
R131;;Reported abusive IP;10.0;;;152.42.243.146;AbuseIPDB;03/03/2025
R132;;Reported abusive IP;10.0;;;220.133.58.167;AbuseIPDB;03/03/2025
R133;;Reported abusive IP;10.0;;;47.237.115.229;AbuseIPDB;03/03/2025
R134;;Reported abusive IP;10.0;;;36.93.51.242;AbuseIPDB;03/03/2025
R135;;Reported abusive IP;10.0;;;124.218.231.111;AbuseIPDB;03/03/2025
R136;;Reported abusive IP;10.0;;;64.62.156.103;AbuseIPDB;03/03/2025
R137;;Reported abusive IP;10.0;;;170.80.0.224;AbuseIPDB;03/03/2025
R138;;Reported abusive IP;10.0;;;211.55.141.210;AbuseIPDB;03/03/2025
R139;;Reported abusive IP;10.0;;;64.62.156.115;AbuseIPDB;03/03/2025
R140;;Reported abusive IP;10.0;;;193.163.125.189;AbuseIPDB;03/03/2025
R141;;Reported abusive IP;10.0;;;117.72.64.87;AbuseIPDB;03/03/2025
R142;;Reported abusive IP;10.0;;;51.178.236.248;AbuseIPDB;03/03/2025
R143;;Reported abusive IP;10.0;;;14.103.113.212;AbuseIPDB;03/03/2025
R144;;Reported abusive IP;10.0;;;157.230.89.202;AbuseIPDB;03/03/2025
R145;;Reported abusive IP;10.0;;;193.163.125.43;AbuseIPDB;03/03/2025
R146;;Reported abusive IP;10.0;;;48.216.197.50;AbuseIPDB;03/03/2025
R147;;Reported abusive IP;10.0;;;45.79.195.5;AbuseIPDB;03/03/2025
R148;;Reported abusive IP;10.0;;;220.132.197.23;AbuseIPDB;03/03/2025
R149;;Reported abusive IP;10.0;;;173.255.223.149;AbuseIPDB;03/03/2025
R150;;Reported abusive IP;10.0;;;193.163.125.143;AbuseIPDB;03/03/2025
R151;;Reported abusive IP;10.0;;;64.62.156.90;AbuseIPDB;03/03/2025
R152;;Reported abusive IP;10.0;;;46.101.1.225;AbuseIPDB;03/03/2025
R153;;Reported abusive IP;10.0;;;35.198.197.145;AbuseIPDB;03/03/2025
R154;;Reported abusive IP;10.0;;;64.62.156.98;AbuseIPDB;03/03/2025
R155;;Reported abusive IP;10.0;;;47.250.81.7;AbuseIPDB;03/03/2025
R156;;Reported abusive IP;10.0;;;47.121.182.178;AbuseIPDB;03/03/2025
R157;;Reported abusive IP;10.0;;;213.32.32.88;AbuseIPDB;03/03/2025
R158;;Reported abusive IP;10.0;;;193.163.125.59;AbuseIPDB;03/03/2025
R159;;Reported abusive IP;10.0;;;193.163.125.215;AbuseIPDB;03/03/2025
R160;;Reported abusive IP;10.0;;;47.237.115.135;AbuseIPDB;03/03/2025
R161;;Reported abusive IP;10.0;;;193.163.125.35;AbuseIPDB;03/03/2025
R162;;Reported abusive IP;10.0;;;211.22.25.206;AbuseIPDB;03/03/2025
R163;;Reported abusive IP;10.0;;;74.82.47.44;AbuseIPDB;03/03/2025
R164;;Reported abusive IP;10.0;;;125.224.153.157;AbuseIPDB;03/03/2025
R165;;Reported abusive IP;10.0;;;165.232.73.237;AbuseIPDB;03/03/2025
R166;;Reported abusive IP;10.0;;;193.163.125.226;AbuseIPDB;03/03/2025
R167;;Reported abusive IP;10.0;;;8.222.183.247;AbuseIPDB;03/03/2025
R168;;Reported abusive IP;10.0;;;196.251.87.42;AbuseIPDB;03/03/2025
R169;;Reported abusive IP;10.0;;;24.115.47.199;AbuseIPDB;03/03/2025
R170;;Reported abusive IP;10.0;;;149.202.132.200;AbuseIPDB;03/03/2025
R171;;Reported abusive IP;10.0;;;210.223.212.116;AbuseIPDB;03/03/2025
R172;;Reported abusive IP;10.0;;;143.110.182.33;AbuseIPDB;03/03/2025
R173;;Reported abusive IP;10.0;;;193.163.125.68;AbuseIPDB;03/03/2025
R174;;Reported abusive IP;10.0;;;193.163.125.67;AbuseIPDB;03/03/2025
R175;;Reported abusive IP;10.0;;;42.98.150.171;AbuseIPDB;03/03/2025
R176;;Reported abusive IP;10.0;;;96.126.112.95;AbuseIPDB;03/03/2025
R177;;Reported abusive IP;10.0;;;47.74.48.165;AbuseIPDB;03/03/2025
R178;;Reported abusive IP;10.0;;;118.34.8.142;AbuseIPDB;03/03/2025
R179;;Reported abusive IP;10.0;;;8.219.164.91;AbuseIPDB;03/03/2025
R180;;Reported abusive IP;10.0;;;20.171.31.34;AbuseIPDB;03/03/2025
R181;;Reported abusive IP;10.0;;;45.33.83.115;AbuseIPDB;03/03/2025
R182;;Reported abusive IP;10.0;;;64.62.197.173;AbuseIPDB;03/03/2025
R183;;Reported abusive IP;10.0;;;216.218.206.75;AbuseIPDB;03/03/2025
R184;;Reported abusive IP;10.0;;;220.135.27.15;AbuseIPDB;03/03/2025
R185;;Reported abusive IP;10.0;;;47.237.79.94;AbuseIPDB;03/03/2025
R186;;Reported abusive IP;10.0;;;37.115.73.45;AbuseIPDB;03/03/2025
R187;;Reported abusive IP;10.0;;;146.190.22.40;AbuseIPDB;03/03/2025
R188;;Reported abusive IP;10.0;;;167.172.89.248;AbuseIPDB;03/03/2025
R189;;Reported abusive IP;10.0;;;125.25.203.11;AbuseIPDB;03/03/2025
R190;;Reported abusive IP;10.0;;;193.163.125.47;AbuseIPDB;03/03/2025
R191;;Reported abusive IP;10.0;;;47.250.53.100;AbuseIPDB;03/03/2025
R192;;Reported abusive IP;10.0;;;146.190.50.226;AbuseIPDB;03/03/2025
R193;;Reported abusive IP;10.0;;;116.49.147.59;AbuseIPDB;03/03/2025
R194;;Reported abusive IP;10.0;;;193.3.53.3;AbuseIPDB;03/03/2025
R195;;Reported abusive IP;10.0;;;65.49.1.46;AbuseIPDB;03/03/2025
R196;;Reported abusive IP;10.0;;;77.60.231.50;AbuseIPDB;03/03/2025
R197;;Reported abusive IP;10.0;;;74.207.226.71;AbuseIPDB;03/03/2025
R198;;Reported abusive IP;10.0;;;65.49.1.141;AbuseIPDB;03/03/2025
R199;;Reported abusive IP;10.0;;;114.219.46.222;AbuseIPDB;03/03/2025
R200;;Reported abusive IP;10.0;;;184.105.247.248;AbuseIPDB;03/03/2025
R201;;Reported abusive IP;10.0;;;91.196.152.89;AbuseIPDB;03/03/2025
R202;;Reported abusive IP;10.0;;;64.62.197.190;AbuseIPDB;03/03/2025
R203;;Reported abusive IP;10.0;;;199.45.154.177;AbuseIPDB;03/03/2025
R204;;Reported abusive IP;10.0;;;193.163.125.200;AbuseIPDB;03/03/2025
R205;;Reported abusive IP;10.0;;;184.105.247.207;AbuseIPDB;03/03/2025
R206;;Reported abusive IP;10.0;;;192.72.18.161;AbuseIPDB;03/03/2025
R207;;Reported abusive IP;10.0;;;103.203.59.8;AbuseIPDB;03/03/2025
R208;;Reported abusive IP;10.0;;;198.58.105.164;AbuseIPDB;03/03/2025
R209;;Reported abusive IP;10.0;;;178.117.243.87;AbuseIPDB;03/03/2025
R210;;Reported abusive IP;10.0;;;114.33.112.54;AbuseIPDB;03/03/2025
R211;;Reported abusive IP;10.0;;;65.49.1.142;AbuseIPDB;03/03/2025
R212;;Reported abusive IP;10.0;;;64.62.156.34;AbuseIPDB;03/03/2025
R213;;Reported abusive IP;10.0;;;45.156.129.107;AbuseIPDB;03/03/2025
R214;;Reported abusive IP;10.0;;;193.32.162.132;AbuseIPDB;03/03/2025
R215;;Reported abusive IP;10.0;;;216.218.10.82;AbuseIPDB;03/03/2025
R216;;Reported abusive IP;10.0;;;129.80.201.180;AbuseIPDB;03/03/2025
R217;;Reported abusive IP;10.0;;;65.49.1.107;AbuseIPDB;03/03/2025
R218;;Reported abusive IP;10.0;;;193.163.125.205;AbuseIPDB;03/03/2025
R219;;Reported abusive IP;10.0;;;138.68.47.83;AbuseIPDB;03/03/2025
R220;;Reported abusive IP;10.0;;;183.236.13.2;AbuseIPDB;03/03/2025
R221;;Reported abusive IP;10.0;;;154.212.141.253;AbuseIPDB;03/03/2025
R222;;Reported abusive IP;10.0;;;101.36.119.146;AbuseIPDB;03/03/2025
R223;;Reported abusive IP;10.0;;;45.156.129.136;AbuseIPDB;03/03/2025
R224;;Reported abusive IP;10.0;;;92.63.197.210;AbuseIPDB;03/03/2025
R225;;Reported abusive IP;10.0;;;47.237.76.193;AbuseIPDB;03/03/2025
R226;;Reported abusive IP;10.0;;;64.62.197.20;AbuseIPDB;03/03/2025
R227;;Reported abusive IP;10.0;;;206.168.34.130;AbuseIPDB;03/03/2025
R228;;Reported abusive IP;10.0;;;36.228.99.84;AbuseIPDB;03/03/2025
R229;;Reported abusive IP;10.0;;;193.163.125.54;AbuseIPDB;03/03/2025
R230;;Reported abusive IP;10.0;;;74.82.47.51;AbuseIPDB;03/03/2025
R231;;Reported abusive IP;10.0;;;51.158.205.47;AbuseIPDB;03/03/2025
R232;;Reported abusive IP;10.0;;;193.163.125.40;AbuseIPDB;03/03/2025
R233;;Reported abusive IP;10.0;;;121.129.12.130;AbuseIPDB;03/03/2025
R234;;Reported abusive IP;10.0;;;50.116.9.208;AbuseIPDB;03/03/2025
R235;;Reported abusive IP;10.0;;;117.80.234.157;AbuseIPDB;03/03/2025
R236;;Reported abusive IP;10.0;;;77.37.246.239;AbuseIPDB;03/03/2025
R237;;Reported abusive IP;10.0;;;173.255.223.49;AbuseIPDB;03/03/2025
R238;;Reported abusive IP;10.0;;;182.70.125.62;AbuseIPDB;03/03/2025
R239;;Reported abusive IP;10.0;;;49.124.152.242;AbuseIPDB;03/03/2025
R240;;Reported abusive IP;10.0;;;137.184.105.192;AbuseIPDB;03/03/2025
R241;;Reported abusive IP;10.0;;;45.79.109.4;AbuseIPDB;03/03/2025
R242;;Reported abusive IP;10.0;;;65.49.20.126;AbuseIPDB;03/03/2025
R243;;Reported abusive IP;10.0;;;181.49.117.21;AbuseIPDB;03/03/2025
R244;;Reported abusive IP;10.0;;;206.168.34.175;AbuseIPDB;03/03/2025
R245;;Reported abusive IP;10.0;;;45.79.109.130;AbuseIPDB;03/03/2025
R246;;Reported abusive IP;10.0;;;193.163.125.45;AbuseIPDB;03/03/2025
R247;;Reported abusive IP;10.0;;;47.251.92.56;AbuseIPDB;03/03/2025
R248;;Reported abusive IP;10.0;;;87.121.84.93;AbuseIPDB;03/03/2025
R249;;Reported abusive IP;10.0;;;8.219.252.228;AbuseIPDB;03/03/2025
R250;;Reported abusive IP;10.0;;;143.42.1.71;AbuseIPDB;03/03/2025
R251;;Reported abusive IP;10.0;;;172.203.233.50;AbuseIPDB;03/03/2025
R252;;Reported abusive IP;10.0;;;218.161.83.188;AbuseIPDB;03/03/2025
R253;;Reported abusive IP;10.0;;;140.249.22.154;AbuseIPDB;03/03/2025
R254;;Reported abusive IP;10.0;;;45.33.42.25;AbuseIPDB;03/03/2025
R255;;Reported abusive IP;10.0;;;45.33.20.59;AbuseIPDB;03/03/2025
R256;;Reported abusive IP;10.0;;;143.42.0.97;AbuseIPDB;03/03/2025
R257;;Reported abusive IP;10.0;;;120.224.55.8;AbuseIPDB;03/03/2025
R258;;Reported abusive IP;10.0;;;64.62.156.45;AbuseIPDB;03/03/2025
R259;;Reported abusive IP;10.0;;;95.160.28.219;AbuseIPDB;03/03/2025
R260;;Reported abusive IP;10.0;;;139.162.77.6;AbuseIPDB;03/03/2025
R261;;Reported abusive IP;10.0;;;20.65.194.58;AbuseIPDB;03/03/2025
R262;;Reported abusive IP;10.0;;;218.92.0.252;AbuseIPDB;03/03/2025
R263;;Reported abusive IP;10.0;;;51.81.144.43;AbuseIPDB;03/03/2025
R264;;Reported abusive IP;10.0;;;94.159.134.151;AbuseIPDB;03/03/2025
R265;;Reported abusive IP;10.0;;;47.74.53.212;AbuseIPDB;03/03/2025
R266;;Reported abusive IP;10.0;;;220.135.41.133;AbuseIPDB;03/03/2025
R267;;Reported abusive IP;10.0;;;121.166.126.241;AbuseIPDB;03/03/2025
R268;;Reported abusive IP;10.0;;;47.74.59.63;AbuseIPDB;03/03/2025
R269;;Reported abusive IP;10.0;;;122.117.135.153;AbuseIPDB;03/03/2025
R270;;Reported abusive IP;10.0;;;74.207.240.49;AbuseIPDB;03/03/2025
R271;;Reported abusive IP;10.0;;;143.42.1.53;AbuseIPDB;03/03/2025
R272;;Reported abusive IP;10.0;;;15.204.37.31;AbuseIPDB;03/03/2025
R273;;Reported abusive IP;10.0;;;121.149.177.94;AbuseIPDB;03/03/2025
R274;;Reported abusive IP;10.0;;;50.116.53.183;AbuseIPDB;03/03/2025
R275;;Reported abusive IP;10.0;;;100.29.192.62;AbuseIPDB;03/03/2025
R276;;Reported abusive IP;10.0;;;1.34.32.23;AbuseIPDB;03/03/2025
R277;;Reported abusive IP;10.0;;;59.126.171.136;AbuseIPDB;03/03/2025
R278;;Reported abusive IP;10.0;;;46.119.1.216;AbuseIPDB;03/03/2025
R279;;Reported abusive IP;10.0;;;139.144.239.185;AbuseIPDB;03/03/2025
R280;;Reported abusive IP;10.0;;;43.128.67.187;AbuseIPDB;03/03/2025
R281;;Reported abusive IP;10.0;;;47.250.142.129;AbuseIPDB;03/03/2025
R282;;Reported abusive IP;10.0;;;65.49.20.91;AbuseIPDB;03/03/2025
R283;;Reported abusive IP;10.0;;;220.135.248.137;AbuseIPDB;03/03/2025
R284;;Reported abusive IP;10.0;;;95.47.148.115;AbuseIPDB;03/03/2025
R285;;Reported abusive IP;10.0;;;207.90.244.15;AbuseIPDB;03/03/2025
R286;;Reported abusive IP;10.0;;;211.145.38.60;AbuseIPDB;03/03/2025
R287;;Reported abusive IP;10.0;;;64.62.156.36;AbuseIPDB;03/03/2025
R288;;Reported abusive IP;10.0;;;103.252.72.179;AbuseIPDB;03/03/2025
R289;;Reported abusive IP;10.0;;;59.120.237.59;AbuseIPDB;03/03/2025
R290;;Reported abusive IP;10.0;;;65.49.1.66;AbuseIPDB;03/03/2025
R291;;Reported abusive IP;10.0;;;199.45.155.73;AbuseIPDB;03/03/2025
R292;;Reported abusive IP;10.0;;;92.222.141.85;AbuseIPDB;03/03/2025
R293;;Reported abusive IP;10.0;;;47.237.109.222;AbuseIPDB;03/03/2025
R294;;Reported abusive IP;10.0;;;47.236.242.199;AbuseIPDB;03/03/2025
R295;;Reported abusive IP;10.0;;;196.251.80.48;AbuseIPDB;03/03/2025
R296;;Reported abusive IP;10.0;;;185.226.197.34;AbuseIPDB;03/03/2025
R297;;Reported abusive IP;10.0;;;193.163.125.63;AbuseIPDB;03/03/2025
R298;;Reported abusive IP;10.0;;;193.163.125.66;AbuseIPDB;03/03/2025
R299;;Reported abusive IP;10.0;;;193.3.53.10;AbuseIPDB;03/03/2025
R300;;Reported abusive IP;10.0;;;47.254.204.223;AbuseIPDB;03/03/2025
R301;;Reported abusive IP;10.0;;;185.242.226.41;AbuseIPDB;03/03/2025
R302;;Reported abusive IP;10.0;;;20.84.146.164;AbuseIPDB;03/03/2025
R303;;Reported abusive IP;10.0;;;193.163.125.181;AbuseIPDB;03/03/2025
R304;;Reported abusive IP;10.0;;;185.224.0.235;AbuseIPDB;03/03/2025
R305;;Reported abusive IP;10.0;;;125.229.139.57;AbuseIPDB;03/03/2025
R306;;Reported abusive IP;10.0;;;193.163.125.138;AbuseIPDB;03/03/2025
R307;;Reported abusive IP;10.0;;;65.49.1.179;AbuseIPDB;03/03/2025
R308;;Reported abusive IP;10.0;;;122.117.36.249;AbuseIPDB;03/03/2025
R309;;Reported abusive IP;10.0;;;211.105.137.210;AbuseIPDB;03/03/2025
R310;;Reported abusive IP;10.0;;;51.81.181.175;AbuseIPDB;03/03/2025
R311;;Reported abusive IP;10.0;;;100.29.192.45;AbuseIPDB;03/03/2025
R312;;Reported abusive IP;10.0;;;85.105.50.6;AbuseIPDB;03/03/2025
R313;;Reported abusive IP;10.0;;;60.246.226.83;AbuseIPDB;03/03/2025
R314;;Reported abusive IP;10.0;;;45.79.109.236;AbuseIPDB;03/03/2025
R315;;Reported abusive IP;10.0;;;193.163.125.39;AbuseIPDB;03/03/2025
R316;;Reported abusive IP;10.0;;;52.117.95.102;AbuseIPDB;03/03/2025
R317;;Reported abusive IP;10.0;;;65.49.20.74;AbuseIPDB;03/03/2025
R318;;Reported abusive IP;10.0;;;64.62.197.22;AbuseIPDB;03/03/2025
R319;;Reported abusive IP;10.0;;;72.208.142.55;AbuseIPDB;03/03/2025
R320;;Reported abusive IP;10.0;;;206.168.34.137;AbuseIPDB;03/03/2025
R321;;Reported abusive IP;10.0;;;206.168.34.128;AbuseIPDB;03/03/2025
R322;;Reported abusive IP;10.0;;;113.30.150.23;AbuseIPDB;03/03/2025
R323;;Reported abusive IP;10.0;;;93.127.126.226;AbuseIPDB;03/03/2025
R324;;Reported abusive IP;10.0;;;8.219.194.70;AbuseIPDB;03/03/2025
R325;;Reported abusive IP;10.0;;;165.22.34.189;AbuseIPDB;03/03/2025
R326;;Reported abusive IP;10.0;;;45.79.191.178;AbuseIPDB;03/03/2025
R327;;Reported abusive IP;10.0;;;206.168.34.165;AbuseIPDB;03/03/2025
R328;;Reported abusive IP;10.0;;;106.105.116.209;AbuseIPDB;03/03/2025
R329;;Reported abusive IP;10.0;;;112.186.10.254;AbuseIPDB;03/03/2025
R330;;Reported abusive IP;10.0;;;173.255.223.89;AbuseIPDB;03/03/2025
R331;;Reported abusive IP;10.0;;;8.211.42.91;AbuseIPDB;03/03/2025
R332;;Reported abusive IP;10.0;;;122.117.29.228;AbuseIPDB;03/03/2025
R333;;Reported abusive IP;10.0;;;45.33.84.119;AbuseIPDB;03/03/2025
R334;;Reported abusive IP;10.0;;;45.33.95.64;AbuseIPDB;03/03/2025
R335;;Reported abusive IP;10.0;;;45.79.177.245;AbuseIPDB;03/03/2025
R336;;Reported abusive IP;10.0;;;114.35.41.88;AbuseIPDB;03/03/2025
R337;;Reported abusive IP;10.0;;;193.174.89.19;AbuseIPDB;03/03/2025
R338;;Reported abusive IP;10.0;;;47.96.40.217;AbuseIPDB;03/03/2025
R339;;Reported abusive IP;10.0;;;89.248.165.71;AbuseIPDB;03/03/2025
R340;;Reported abusive IP;10.0;;;216.218.206.84;AbuseIPDB;03/03/2025
R341;;Reported abusive IP;10.0;;;8.211.47.212;AbuseIPDB;03/03/2025
R342;;Reported abusive IP;10.0;;;170.187.165.134;AbuseIPDB;03/03/2025
R343;;Reported abusive IP;10.0;;;152.32.247.54;AbuseIPDB;03/03/2025
R344;;Reported abusive IP;10.0;;;46.26.235.102;AbuseIPDB;03/03/2025
R345;;Reported abusive IP;10.0;;;64.62.156.51;AbuseIPDB;03/03/2025
R346;;Reported abusive IP;10.0;;;170.187.165.219;AbuseIPDB;03/03/2025
R347;;Reported abusive IP;10.0;;;37.252.79.24;AbuseIPDB;03/03/2025
R348;;Reported abusive IP;10.0;;;139.144.239.98;AbuseIPDB;03/03/2025
R349;;Reported abusive IP;10.0;;;8.134.159.4;AbuseIPDB;03/03/2025
R350;;Reported abusive IP;10.0;;;47.236.248.96;AbuseIPDB;03/03/2025
R351;;Reported abusive IP;10.0;;;139.144.239.74;AbuseIPDB;03/03/2025
R352;;Reported abusive IP;10.0;;;106.13.112.250;AbuseIPDB;03/03/2025
R353;;Reported abusive IP;10.0;;;8.211.42.24;AbuseIPDB;03/03/2025
R354;;Reported abusive IP;10.0;;;103.73.223.241;AbuseIPDB;03/03/2025
R355;;Reported abusive IP;10.0;;;65.49.1.126;AbuseIPDB;03/03/2025
R356;;Reported abusive IP;10.0;;;192.227.211.119;AbuseIPDB;03/03/2025
R357;;Reported abusive IP;10.0;;;64.62.197.192;AbuseIPDB;03/03/2025
R358;;Reported abusive IP;10.0;;;193.163.125.154;AbuseIPDB;03/03/2025
R359;;Reported abusive IP;10.0;;;216.218.206.81;AbuseIPDB;03/03/2025
R360;;Reported abusive IP;10.0;;;122.116.80.198;AbuseIPDB;03/03/2025
R361;;Reported abusive IP;10.0;;;147.182.200.94;AbuseIPDB;03/03/2025
R362;;Reported abusive IP;10.0;;;65.49.20.105;AbuseIPDB;03/03/2025
R363;;Reported abusive IP;10.0;;;103.226.124.28;AbuseIPDB;03/03/2025
R364;;Reported abusive IP;10.0;;;220.123.229.17;AbuseIPDB;03/03/2025
R365;;Reported abusive IP;10.0;;;184.105.139.83;AbuseIPDB;03/03/2025
R366;;Reported abusive IP;10.0;;;220.133.9.67;AbuseIPDB;03/03/2025
R367;;Reported abusive IP;10.0;;;184.105.139.106;AbuseIPDB;03/03/2025
R368;;Reported abusive IP;10.0;;;184.105.247.208;AbuseIPDB;03/03/2025
R369;;Reported abusive IP;10.0;;;45.156.129.61;AbuseIPDB;03/03/2025
R370;;Reported abusive IP;10.0;;;122.116.93.206;AbuseIPDB;03/03/2025
R371;;Reported abusive IP;10.0;;;184.105.139.91;AbuseIPDB;03/03/2025
R372;;Reported abusive IP;10.0;;;64.62.197.180;AbuseIPDB;03/03/2025
R373;;Reported abusive IP;10.0;;;71.6.146.130;AbuseIPDB;03/03/2025
R374;;Reported abusive IP;10.0;;;65.49.1.128;AbuseIPDB;03/03/2025
R375;;Reported abusive IP;10.0;;;108.167.178.116;AbuseIPDB;03/03/2025
R376;;Reported abusive IP;10.0;;;165.154.51.90;AbuseIPDB;03/03/2025
R377;;Reported abusive IP;10.0;;;64.226.65.160;AbuseIPDB;03/03/2025
R378;;Reported abusive IP;10.0;;;142.93.20.121;AbuseIPDB;03/03/2025
R379;;Reported abusive IP;10.0;;;65.49.1.43;AbuseIPDB;03/03/2025
R380;;Reported abusive IP;10.0;;;8.211.39.61;AbuseIPDB;03/03/2025
R381;;Reported abusive IP;10.0;;;193.163.125.162;AbuseIPDB;03/03/2025
R382;;Reported abusive IP;10.0;;;8.211.52.80;AbuseIPDB;03/03/2025
R383;;Reported abusive IP;10.0;;;45.147.250.208;AbuseIPDB;03/03/2025
R384;;Reported abusive IP;10.0;;;65.49.1.42;AbuseIPDB;03/03/2025
R385;;Reported abusive IP;10.0;;;88.151.192.60;AbuseIPDB;03/03/2025
R386;;Reported abusive IP;10.0;;;183.107.128.91;AbuseIPDB;03/03/2025
R387;;Reported abusive IP;10.0;;;193.163.125.132;AbuseIPDB;03/03/2025
R388;;Reported abusive IP;10.0;;;65.49.1.168;AbuseIPDB;03/03/2025
R389;;Reported abusive IP;10.0;;;103.182.105.138;AbuseIPDB;03/03/2025
R390;;Reported abusive IP;10.0;;;90.188.88.50;AbuseIPDB;03/03/2025
R391;;Reported abusive IP;10.0;;;49.88.156.34;AbuseIPDB;03/03/2025
R392;;Reported abusive IP;10.0;;;216.218.206.87;AbuseIPDB;03/03/2025
R393;;Reported abusive IP;10.0;;;196.206.227.164;AbuseIPDB;03/03/2025
R394;;Reported abusive IP;10.0;;;64.62.156.119;AbuseIPDB;03/03/2025
R395;;Reported abusive IP;10.0;;;206.168.34.170;AbuseIPDB;03/03/2025
R396;;Reported abusive IP;10.0;;;47.237.112.17;AbuseIPDB;03/03/2025
R397;;Reported abusive IP;10.0;;;130.61.231.126;AbuseIPDB;03/03/2025
R398;;Reported abusive IP;10.0;;;8.221.141.40;AbuseIPDB;03/03/2025
R399;;Reported abusive IP;10.0;;;20.29.36.140;AbuseIPDB;03/03/2025
R400;;Reported abusive IP;10.0;;;91.196.152.113;AbuseIPDB;03/03/2025
R401;;Reported abusive IP;10.0;;;193.163.125.241;AbuseIPDB;03/03/2025
R402;;Reported abusive IP;10.0;;;193.163.125.137;AbuseIPDB;03/03/2025
R403;;Reported abusive IP;10.0;;;59.126.80.26;AbuseIPDB;03/03/2025
R404;;Reported abusive IP;10.0;;;23.92.27.206;AbuseIPDB;03/03/2025
R405;;Reported abusive IP;10.0;;;64.62.156.22;AbuseIPDB;03/03/2025
R406;;Reported abusive IP;10.0;;;220.133.156.213;AbuseIPDB;03/03/2025
R407;;Reported abusive IP;10.0;;;64.62.156.55;AbuseIPDB;03/03/2025
R408;;Reported abusive IP;10.0;;;114.33.21.200;AbuseIPDB;03/03/2025
R409;;Reported abusive IP;10.0;;;64.62.197.237;AbuseIPDB;03/03/2025
R410;;Reported abusive IP;10.0;;;203.212.104.171;AbuseIPDB;03/03/2025
R411;;Reported abusive IP;10.0;;;47.91.93.202;AbuseIPDB;03/03/2025
R412;;Reported abusive IP;10.0;;;8.219.59.96;AbuseIPDB;03/03/2025
R413;;Reported abusive IP;10.0;;;139.162.119.61;AbuseIPDB;03/03/2025
R414;;Reported abusive IP;10.0;;;157.245.105.107;AbuseIPDB;03/03/2025
R415;;Reported abusive IP;10.0;;;34.46.107.224;AbuseIPDB;03/03/2025
R416;;Reported abusive IP;10.0;;;154.212.141.187;AbuseIPDB;03/03/2025
R417;;Reported abusive IP;10.0;;;64.62.197.150;AbuseIPDB;03/03/2025
R418;;Reported abusive IP;10.0;;;8.218.83.143;AbuseIPDB;03/03/2025
R419;;Reported abusive IP;10.0;;;94.61.7.100;AbuseIPDB;03/03/2025
R420;;Reported abusive IP;10.0;;;64.62.156.63;AbuseIPDB;03/03/2025
R421;;Reported abusive IP;10.0;;;114.27.65.197;AbuseIPDB;03/03/2025
R422;;Reported abusive IP;10.0;;;64.62.197.54;AbuseIPDB;03/03/2025
R423;;Reported abusive IP;10.0;;;71.6.199.23;AbuseIPDB;03/03/2025
R424;;Reported abusive IP;10.0;;;64.62.197.138;AbuseIPDB;03/03/2025
R425;;Reported abusive IP;10.0;;;114.34.83.134;AbuseIPDB;03/03/2025
R426;;Reported abusive IP;10.0;;;92.118.39.81;AbuseIPDB;03/03/2025
R427;;Reported abusive IP;10.0;;;64.62.197.108;AbuseIPDB;03/03/2025
R428;;Reported abusive IP;10.0;;;64.62.197.135;AbuseIPDB;03/03/2025
R429;;Reported abusive IP;10.0;;;176.65.144.150;AbuseIPDB;03/03/2025
R430;;Reported abusive IP;10.0;;;4.246.227.228;AbuseIPDB;03/03/2025
R431;;Reported abusive IP;10.0;;;152.32.168.34;AbuseIPDB;03/03/2025
R432;;Reported abusive IP;10.0;;;37.229.149.167;AbuseIPDB;03/03/2025
R433;;Reported abusive IP;10.0;;;114.33.126.178;AbuseIPDB;03/03/2025
R434;;Reported abusive IP;10.0;;;65.49.1.41;AbuseIPDB;03/03/2025
R435;;Reported abusive IP;10.0;;;198.2.85.240;AbuseIPDB;03/03/2025
R436;;Reported abusive IP;10.0;;;50.116.53.221;AbuseIPDB;03/03/2025
R437;;Reported abusive IP;10.0;;;114.35.28.3;AbuseIPDB;03/03/2025
R438;;Reported abusive IP;10.0;;;185.180.141.34;AbuseIPDB;03/03/2025
R439;;Reported abusive IP;10.0;;;64.62.197.193;AbuseIPDB;03/03/2025
R440;;Reported abusive IP;10.0;;;159.223.184.195;AbuseIPDB;03/03/2025
R441;;Reported abusive IP;10.0;;;74.82.47.30;AbuseIPDB;03/03/2025
R442;;Reported abusive IP;10.0;;;20.168.122.18;AbuseIPDB;03/03/2025
R443;;Reported abusive IP;10.0;;;120.78.150.45;AbuseIPDB;03/03/2025
R444;;Reported abusive IP;10.0;;;193.163.125.231;AbuseIPDB;03/03/2025
R445;;Reported abusive IP;10.0;;;125.229.239.144;AbuseIPDB;03/03/2025
R446;;Reported abusive IP;10.0;;;45.156.128.83;AbuseIPDB;03/03/2025
R447;;Reported abusive IP;10.0;;;192.42.116.218;AbuseIPDB;03/03/2025
R448;;Reported abusive IP;10.0;;;64.62.197.86;AbuseIPDB;03/03/2025
R449;;Reported abusive IP;10.0;;;91.196.152.97;AbuseIPDB;03/03/2025
R450;;Reported abusive IP;10.0;;;49.213.142.65;AbuseIPDB;03/03/2025
R451;;Reported abusive IP;10.0;;;193.163.125.46;AbuseIPDB;03/03/2025
R452;;Reported abusive IP;10.0;;;198.74.56.168;AbuseIPDB;03/03/2025
R453;;Reported abusive IP;10.0;;;196.251.118.79;AbuseIPDB;03/03/2025
R454;;Reported abusive IP;10.0;;;113.30.151.61;AbuseIPDB;03/03/2025
R455;;Reported abusive IP;10.0;;;47.251.63.50;AbuseIPDB;03/03/2025
R456;;Reported abusive IP;10.0;;;64.62.197.13;AbuseIPDB;03/03/2025
R457;;Reported abusive IP;10.0;;;114.34.166.158;AbuseIPDB;03/03/2025
R458;;Reported abusive IP;10.0;;;64.62.197.202;AbuseIPDB;03/03/2025
R459;;Reported abusive IP;10.0;;;59.126.62.141;AbuseIPDB;03/03/2025
R460;;Reported abusive IP;10.0;;;37.46.113.164;AbuseIPDB;03/03/2025
R461;;Reported abusive IP;10.0;;;27.215.90.214;AbuseIPDB;03/03/2025
R462;;Reported abusive IP;10.0;;;193.163.125.12;AbuseIPDB;03/03/2025
R463;;Reported abusive IP;10.0;;;125.228.215.103;AbuseIPDB;03/03/2025
R464;;Reported abusive IP;10.0;;;68.183.180.73;AbuseIPDB;03/03/2025
R465;;Reported abusive IP;10.0;;;61.76.60.80;AbuseIPDB;03/03/2025
R466;;Reported abusive IP;10.0;;;202.106.54.122;AbuseIPDB;03/03/2025
R467;;Reported abusive IP;10.0;;;47.251.57.225;AbuseIPDB;03/03/2025
R468;;Reported abusive IP;10.0;;;193.163.125.144;AbuseIPDB;03/03/2025
R469;;Reported abusive IP;10.0;;;193.163.125.51;AbuseIPDB;03/03/2025
R470;;Reported abusive IP;10.0;;;112.168.59.206;AbuseIPDB;03/03/2025
R471;;Reported abusive IP;10.0;;;220.133.23.52;AbuseIPDB;03/03/2025
R472;;Reported abusive IP;10.0;;;91.196.152.120;AbuseIPDB;03/03/2025
R473;;Reported abusive IP;10.0;;;60.34.6.204;AbuseIPDB;03/03/2025
R474;;Reported abusive IP;10.0;;;64.62.156.21;AbuseIPDB;03/03/2025
R475;;Reported abusive IP;10.0;;;59.126.25.244;AbuseIPDB;03/03/2025
R476;;Reported abusive IP;10.0;;;59.126.76.251;AbuseIPDB;03/03/2025
R477;;Reported abusive IP;10.0;;;206.168.34.150;AbuseIPDB;03/03/2025
R478;;Reported abusive IP;10.0;;;59.126.238.6;AbuseIPDB;03/03/2025
R479;;Reported abusive IP;10.0;;;103.250.10.92;AbuseIPDB;03/03/2025
R480;;Reported abusive IP;10.0;;;87.120.93.10;AbuseIPDB;03/03/2025
R481;;Reported abusive IP;10.0;;;64.62.197.67;AbuseIPDB;03/03/2025
R482;;Reported abusive IP;10.0;;;116.241.46.182;AbuseIPDB;03/03/2025
R483;;Reported abusive IP;10.0;;;184.105.247.220;AbuseIPDB;03/03/2025
R484;;Reported abusive IP;10.0;;;193.163.125.243;AbuseIPDB;03/03/2025
R485;;Reported abusive IP;10.0;;;64.62.156.30;AbuseIPDB;03/03/2025
R486;;Reported abusive IP;10.0;;;164.52.24.188;AbuseIPDB;03/03/2025
R487;;Reported abusive IP;10.0;;;216.218.206.119;AbuseIPDB;03/03/2025
R488;;Reported abusive IP;10.0;;;8.219.141.220;AbuseIPDB;03/03/2025
R489;;Reported abusive IP;10.0;;;193.163.125.134;AbuseIPDB;03/03/2025
R490;;Reported abusive IP;10.0;;;103.115.44.121;AbuseIPDB;03/03/2025
R491;;Reported abusive IP;10.0;;;64.62.197.89;AbuseIPDB;03/03/2025
R492;;Reported abusive IP;10.0;;;64.62.197.146;AbuseIPDB;03/03/2025
R493;;Reported abusive IP;10.0;;;220.135.101.92;AbuseIPDB;03/03/2025
R494;;Reported abusive IP;10.0;;;92.118.39.73;AbuseIPDB;03/03/2025
R495;;Reported abusive IP;10.0;;;64.62.197.73;AbuseIPDB;03/03/2025
R496;;Reported abusive IP;10.0;;;74.234.146.205;AbuseIPDB;03/03/2025
R497;;Reported abusive IP;10.0;;;59.126.165.148;AbuseIPDB;03/03/2025
R498;;Reported abusive IP;10.0;;;45.116.243.188;AbuseIPDB;03/03/2025
R499;;Reported abusive IP;10.0;;;60.213.1.10;AbuseIPDB;03/03/2025
R500;;Reported abusive IP;10.0;;;193.163.125.224;AbuseIPDB;03/03/2025
R501;;Reported abusive IP;10.0;;;91.223.169.235;AbuseIPDB;03/03/2025
R502;;Reported abusive IP;10.0;;;200.7.102.138;AbuseIPDB;03/03/2025
R503;;Reported abusive IP;10.0;;;165.154.172.244;AbuseIPDB;03/03/2025
R504;;Reported abusive IP;10.0;;;184.105.139.120;AbuseIPDB;03/03/2025
R505;;Reported abusive IP;10.0;;;114.33.7.225;AbuseIPDB;03/03/2025
R506;;Reported abusive IP;10.0;;;65.49.20.97;AbuseIPDB;03/03/2025
R507;;Reported abusive IP;10.0;;;193.32.162.136;AbuseIPDB;03/03/2025
R508;;Reported abusive IP;10.0;;;64.62.197.168;AbuseIPDB;03/03/2025
R509;;Reported abusive IP;10.0;;;199.45.154.176;AbuseIPDB;03/03/2025
R510;;Reported abusive IP;10.0;;;114.32.184.79;AbuseIPDB;03/03/2025
R511;;Reported abusive IP;10.0;;;170.187.157.109;AbuseIPDB;03/03/2025
R512;;Reported abusive IP;10.0;;;27.109.232.224;AbuseIPDB;03/03/2025
R513;;Reported abusive IP;10.0;;;185.180.143.79;AbuseIPDB;03/03/2025
R514;;Reported abusive IP;10.0;;;196.46.210.11;AbuseIPDB;03/03/2025
R515;;Reported abusive IP;10.0;;;89.219.171.85;AbuseIPDB;03/03/2025
R516;;Reported abusive IP;10.0;;;4.188.112.137;AbuseIPDB;03/03/2025
R517;;Reported abusive IP;10.0;;;178.32.72.223;AbuseIPDB;03/03/2025
R518;;Reported abusive IP;10.0;;;65.49.1.60;AbuseIPDB;03/03/2025
R519;;Reported abusive IP;10.0;;;45.156.130.22;AbuseIPDB;03/03/2025
R520;;Reported abusive IP;10.0;;;5.30.215.71;AbuseIPDB;03/03/2025
R521;;Reported abusive IP;10.0;;;45.156.128.71;AbuseIPDB;03/03/2025
R522;;Reported abusive IP;10.0;;;104.248.221.216;AbuseIPDB;03/03/2025
R523;;Reported abusive IP;10.0;;;64.62.197.29;AbuseIPDB;03/03/2025
R524;;Reported abusive IP;10.0;;;45.164.177.174;AbuseIPDB;03/03/2025
R525;;Reported abusive IP;10.0;;;37.115.183.139;AbuseIPDB;03/03/2025
R526;;Reported abusive IP;10.0;;;45.156.129.83;AbuseIPDB;03/03/2025
R527;;Reported abusive IP;10.0;;;2.122.158.248;AbuseIPDB;03/03/2025
R528;;Reported abusive IP;10.0;;;193.163.125.228;AbuseIPDB;03/03/2025
R529;;Reported abusive IP;10.0;;;114.33.80.184;AbuseIPDB;03/03/2025
R530;;Reported abusive IP;10.0;;;47.251.88.100;AbuseIPDB;03/03/2025
R531;;Reported abusive IP;10.0;;;193.163.125.123;AbuseIPDB;03/03/2025
R532;;Reported abusive IP;10.0;;;182.155.175.17;AbuseIPDB;03/03/2025
R533;;Reported abusive IP;10.0;;;47.250.139.9;AbuseIPDB;03/03/2025
R534;;Reported abusive IP;10.0;;;45.148.10.90;AbuseIPDB;03/03/2025
R535;;Reported abusive IP;10.0;;;90.160.139.163;AbuseIPDB;03/03/2025
R536;;Reported abusive IP;10.0;;;65.49.1.32;AbuseIPDB;03/03/2025
R537;;Reported abusive IP;10.0;;;196.251.112.87;AbuseIPDB;03/03/2025
R538;;Reported abusive IP;10.0;;;114.32.34.121;AbuseIPDB;03/03/2025
R539;;Reported abusive IP;10.0;;;118.193.43.141;AbuseIPDB;03/03/2025
R540;;Reported abusive IP;10.0;;;185.47.172.136;AbuseIPDB;03/03/2025
R541;;Reported abusive IP;10.0;;;45.147.250.233;AbuseIPDB;03/03/2025
R542;;Reported abusive IP;10.0;;;178.137.139.115;AbuseIPDB;03/03/2025
R543;;Reported abusive IP;10.0;;;223.112.39.21;AbuseIPDB;03/03/2025
R544;;Reported abusive IP;10.0;;;14.103.114.231;AbuseIPDB;03/03/2025
R545;;Reported abusive IP;10.0;;;193.163.125.41;AbuseIPDB;03/03/2025
R546;;Reported abusive IP;10.0;;;193.163.125.199;AbuseIPDB;03/03/2025
R547;;Reported abusive IP;10.0;;;193.163.125.147;AbuseIPDB;03/03/2025
R548;;Reported abusive IP;10.0;;;65.49.1.79;AbuseIPDB;03/03/2025
R549;;Reported abusive IP;10.0;;;206.168.34.167;AbuseIPDB;03/03/2025
R550;;Reported abusive IP;10.0;;;193.163.125.58;AbuseIPDB;03/03/2025
R551;;Reported abusive IP;10.0;;;123.241.14.252;AbuseIPDB;03/03/2025
R552;;Reported abusive IP;10.0;;;65.49.1.164;AbuseIPDB;03/03/2025
R553;;Reported abusive IP;10.0;;;64.62.197.200;AbuseIPDB;03/03/2025
R554;;Reported abusive IP;10.0;;;104.248.184.226;AbuseIPDB;03/03/2025
R555;;Reported abusive IP;10.0;;;52.249.35.32;AbuseIPDB;03/03/2025
R556;;Reported abusive IP;10.0;;;5.188.206.38;AbuseIPDB;03/03/2025
R557;;Reported abusive IP;10.0;;;8.216.67.37;AbuseIPDB;03/03/2025
R558;;Reported abusive IP;10.0;;;68.183.128.96;AbuseIPDB;03/03/2025
R559;;Reported abusive IP;10.0;;;107.180.114.152;AbuseIPDB;03/03/2025
R560;;Reported abusive IP;10.0;;;218.161.35.6;AbuseIPDB;03/03/2025
R561;;Reported abusive IP;10.0;;;114.32.98.235;AbuseIPDB;03/03/2025
R562;;Reported abusive IP;10.0;;;221.216.7.58;AbuseIPDB;03/03/2025
R563;;Reported abusive IP;10.0;;;220.132.157.172;AbuseIPDB;03/03/2025
R564;;Reported abusive IP;10.0;;;143.244.168.161;AbuseIPDB;03/03/2025
R565;;Reported abusive IP;10.0;;;140.246.103.212;AbuseIPDB;03/03/2025
R566;;Reported abusive IP;10.0;;;159.65.168.103;AbuseIPDB;03/03/2025
R567;;Reported abusive IP;10.0;;;47.74.44.18;AbuseIPDB;03/03/2025
R568;;Reported abusive IP;10.0;;;165.154.173.204;AbuseIPDB;03/03/2025
R569;;Reported abusive IP;10.0;;;71.6.147.254;AbuseIPDB;03/03/2025
R570;;Reported abusive IP;10.0;;;222.186.13.131;AbuseIPDB;03/03/2025
R571;;Reported abusive IP;10.0;;;121.197.0.121;AbuseIPDB;03/03/2025
R572;;Reported abusive IP;10.0;;;20.221.67.150;AbuseIPDB;03/03/2025
R573;;Reported abusive IP;10.0;;;45.79.168.96;AbuseIPDB;03/03/2025
R574;;Reported abusive IP;10.0;;;114.35.31.23;AbuseIPDB;03/03/2025
R575;;Reported abusive IP;10.0;;;218.161.76.35;AbuseIPDB;03/03/2025
R576;;Reported abusive IP;10.0;;;92.118.39.75;AbuseIPDB;03/03/2025
R577;;Reported abusive IP;10.0;;;8.221.139.48;AbuseIPDB;03/03/2025
R578;;Reported abusive IP;10.0;;;139.99.35.44;AbuseIPDB;03/03/2025
R579;;Reported abusive IP;10.0;;;152.32.239.15;AbuseIPDB;03/03/2025
R580;;Reported abusive IP;10.0;;;211.185.49.84;AbuseIPDB;03/03/2025
R581;;Reported abusive IP;10.0;;;218.255.103.194;AbuseIPDB;03/03/2025
R582;;Reported abusive IP;10.0;;;64.62.197.231;AbuseIPDB;03/03/2025
R583;;Reported abusive IP;10.0;;;65.49.1.133;AbuseIPDB;03/03/2025
R584;;Reported abusive IP;10.0;;;65.49.20.90;AbuseIPDB;03/03/2025
R585;;Reported abusive IP;10.0;;;184.105.247.251;AbuseIPDB;03/03/2025
R586;;Reported abusive IP;10.0;;;135.148.63.208;AbuseIPDB;03/03/2025
R587;;Reported abusive IP;10.0;;;220.77.245.227;AbuseIPDB;03/03/2025
R588;;Reported abusive IP;10.0;;;125.124.99.83;AbuseIPDB;03/03/2025
R589;;Reported abusive IP;10.0;;;184.105.139.89;AbuseIPDB;03/03/2025
R590;;Reported abusive IP;10.0;;;45.156.128.87;AbuseIPDB;03/03/2025
R591;;Reported abusive IP;10.0;;;8.211.52.151;AbuseIPDB;03/03/2025
R592;;Reported abusive IP;10.0;;;125.229.246.174;AbuseIPDB;03/03/2025
R593;;Reported abusive IP;10.0;;;167.71.229.198;AbuseIPDB;03/03/2025
R594;;Reported abusive IP;10.0;;;96.126.112.14;AbuseIPDB;03/03/2025
R595;;Reported abusive IP;10.0;;;118.140.120.198;AbuseIPDB;03/03/2025
R596;;Reported abusive IP;10.0;;;119.178.237.192;AbuseIPDB;03/03/2025
R597;;Reported abusive IP;10.0;;;65.49.20.75;AbuseIPDB;03/03/2025
R598;;Reported abusive IP;10.0;;;206.168.34.131;AbuseIPDB;03/03/2025
R599;;Reported abusive IP;10.0;;;206.168.34.174;AbuseIPDB;03/03/2025
R600;;Reported abusive IP;10.0;;;193.163.125.111;AbuseIPDB;03/03/2025
R601;;Reported abusive IP;10.0;;;64.62.197.61;AbuseIPDB;03/03/2025
R602;;Reported abusive IP;10.0;;;106.75.162.233;AbuseIPDB;03/03/2025
R603;;Reported abusive IP;10.0;;;164.52.24.185;AbuseIPDB;03/03/2025
R604;;Reported abusive IP;10.0;;;152.32.207.42;AbuseIPDB;03/03/2025
R605;;Reported abusive IP;10.0;;;193.163.125.42;AbuseIPDB;03/03/2025
R606;;Reported abusive IP;10.0;;;103.176.79.210;AbuseIPDB;03/03/2025
R607;;Reported abusive IP;10.0;;;73.167.244.117;AbuseIPDB;03/03/2025
R608;;Reported abusive IP;10.0;;;193.163.125.140;AbuseIPDB;03/03/2025
R609;;Reported abusive IP;10.0;;;152.67.216.185;AbuseIPDB;03/03/2025
R610;;Reported abusive IP;10.0;;;206.189.57.162;AbuseIPDB;03/03/2025
R611;;Reported abusive IP;10.0;;;103.196.30.122;AbuseIPDB;03/03/2025
R612;;Reported abusive IP;10.0;;;1.34.107.46;AbuseIPDB;03/03/2025
R613;;Reported abusive IP;10.0;;;42.200.153.220;AbuseIPDB;03/03/2025
R614;;Reported abusive IP;10.0;;;211.37.174.62;AbuseIPDB;03/03/2025
R615;;Reported abusive IP;10.0;;;219.102.105.1;AbuseIPDB;03/03/2025
R616;;Reported abusive IP;10.0;;;51.79.27.107;AbuseIPDB;03/03/2025
R617;;Reported abusive IP;10.0;;;20.84.146.207;AbuseIPDB;03/03/2025
R618;;Reported abusive IP;10.0;;;64.62.156.70;AbuseIPDB;03/03/2025
R619;;Reported abusive IP;10.0;;;80.82.77.33;AbuseIPDB;03/03/2025
R620;;Reported abusive IP;10.0;;;118.194.251.144;AbuseIPDB;03/03/2025
R621;;Reported abusive IP;10.0;;;164.92.244.132;AbuseIPDB;03/03/2025
R622;;Reported abusive IP;10.0;;;74.82.47.53;AbuseIPDB;03/03/2025
R623;;Reported abusive IP;10.0;;;193.163.125.193;AbuseIPDB;03/03/2025
R624;;Reported abusive IP;10.0;;;206.168.34.132;AbuseIPDB;03/03/2025
R625;;Reported abusive IP;10.0;;;193.163.125.23;AbuseIPDB;03/03/2025
R626;;Reported abusive IP;10.0;;;170.244.44.158;AbuseIPDB;03/03/2025
R627;;Reported abusive IP;10.0;;;64.62.156.24;AbuseIPDB;03/03/2025
R628;;Reported abusive IP;10.0;;;220.134.253.147;AbuseIPDB;03/03/2025
R629;;Reported abusive IP;10.0;;;135.148.213.249;AbuseIPDB;03/03/2025
R630;;Reported abusive IP;10.0;;;206.168.34.168;AbuseIPDB;03/03/2025
R631;;Reported abusive IP;10.0;;;47.237.114.190;AbuseIPDB;03/03/2025
R632;;Reported abusive IP;10.0;;;220.133.167.224;AbuseIPDB;03/03/2025
R633;;Reported abusive IP;10.0;;;190.119.112.102;AbuseIPDB;03/03/2025
R634;;Reported abusive IP;10.0;;;51.91.174.248;AbuseIPDB;03/03/2025
R635;;Reported abusive IP;10.0;;;139.59.130.52;AbuseIPDB;03/03/2025
R636;;Reported abusive IP;10.0;;;206.81.24.74;AbuseIPDB;03/03/2025
R637;;Reported abusive IP;10.0;;;193.163.125.176;AbuseIPDB;03/03/2025
R638;;Reported abusive IP;10.0;;;135.148.25.121;AbuseIPDB;03/03/2025
R639;;Reported abusive IP;10.0;;;193.163.125.2;AbuseIPDB;03/03/2025
R640;;Reported abusive IP;10.0;;;65.49.20.114;AbuseIPDB;03/03/2025
R641;;Reported abusive IP;10.0;;;196.251.114.64;AbuseIPDB;03/03/2025
R642;;Reported abusive IP;10.0;;;198.74.56.215;AbuseIPDB;03/03/2025
R643;;Reported abusive IP;10.0;;;172.104.100.117;AbuseIPDB;03/03/2025
R644;;Reported abusive IP;10.0;;;47.251.48.41;AbuseIPDB;03/03/2025
R645;;Reported abusive IP;10.0;;;206.168.34.129;AbuseIPDB;03/03/2025
R646;;Reported abusive IP;10.0;;;163.47.37.134;AbuseIPDB;03/03/2025
R647;;Reported abusive IP;10.0;;;203.252.10.4;AbuseIPDB;03/03/2025
R648;;Reported abusive IP;10.0;;;159.89.148.212;AbuseIPDB;03/03/2025
R649;;Reported abusive IP;10.0;;;167.71.147.197;AbuseIPDB;03/03/2025
R650;;Reported abusive IP;10.0;;;164.92.117.229;AbuseIPDB;03/03/2025
R651;;Reported abusive IP;10.0;;;97.107.131.100;AbuseIPDB;03/03/2025
R652;;Reported abusive IP;10.0;;;204.76.203.169;AbuseIPDB;03/03/2025
R653;;Reported abusive IP;10.0;;;139.162.117.40;AbuseIPDB;03/03/2025
R654;;Reported abusive IP;10.0;;;156.229.232.48;AbuseIPDB;03/03/2025
R655;;Reported abusive IP;10.0;;;165.22.133.0;AbuseIPDB;03/03/2025
R656;;Reported abusive IP;10.0;;;193.163.125.72;AbuseIPDB;03/03/2025
R657;;Reported abusive IP;10.0;;;147.135.85.128;AbuseIPDB;03/03/2025
R658;;Reported abusive IP;10.0;;;8.222.157.113;AbuseIPDB;03/03/2025
R659;;Reported abusive IP;10.0;;;186.182.105.35;AbuseIPDB;03/03/2025
R660;;Reported abusive IP;10.0;;;103.29.69.96;AbuseIPDB;03/03/2025
R661;;Reported abusive IP;10.0;;;45.156.129.62;AbuseIPDB;03/03/2025
R662;;Reported abusive IP;10.0;;;199.45.154.181;AbuseIPDB;03/03/2025
R663;;Reported abusive IP;10.0;;;65.49.1.56;AbuseIPDB;03/03/2025
R664;;Reported abusive IP;10.0;;;196.251.85.250;AbuseIPDB;03/03/2025
R665;;Reported abusive IP;10.0;;;59.127.131.73;AbuseIPDB;03/03/2025
R666;;Reported abusive IP;10.0;;;65.49.1.119;AbuseIPDB;03/03/2025
R667;;Reported abusive IP;10.0;;;47.251.90.228;AbuseIPDB;03/03/2025
R668;;Reported abusive IP;10.0;;;119.193.98.108;AbuseIPDB;03/03/2025
R669;;Reported abusive IP;10.0;;;170.64.177.80;AbuseIPDB;03/03/2025
R670;;Reported abusive IP;10.0;;;206.168.34.160;AbuseIPDB;03/03/2025
R671;;Reported abusive IP;10.0;;;24.144.117.125;AbuseIPDB;03/03/2025
R672;;Reported abusive IP;10.0;;;165.154.172.37;AbuseIPDB;03/03/2025
R673;;Reported abusive IP;10.0;;;20.83.52.97;AbuseIPDB;03/03/2025
R674;;Reported abusive IP;10.0;;;184.105.139.107;AbuseIPDB;03/03/2025
R675;;Reported abusive IP;10.0;;;65.49.1.69;AbuseIPDB;03/03/2025
R676;;Reported abusive IP;10.0;;;193.163.125.120;AbuseIPDB;03/03/2025
R677;;Reported abusive IP;10.0;;;193.163.125.209;AbuseIPDB;03/03/2025
R678;;Reported abusive IP;10.0;;;8.211.52.18;AbuseIPDB;03/03/2025
R679;;Reported abusive IP;10.0;;;65.49.1.131;AbuseIPDB;03/03/2025
R680;;Reported abusive IP;10.0;;;120.82.196.137;AbuseIPDB;03/03/2025
R681;;Reported abusive IP;10.0;;;167.99.13.19;AbuseIPDB;03/03/2025
R682;;Reported abusive IP;10.0;;;4.156.236.228;AbuseIPDB;03/03/2025
R683;;Reported abusive IP;10.0;;;45.156.128.68;AbuseIPDB;03/03/2025
R684;;Reported abusive IP;10.0;;;103.203.57.13;AbuseIPDB;03/03/2025
R685;;Reported abusive IP;10.0;;;65.49.1.16;AbuseIPDB;03/03/2025
R686;;Reported abusive IP;10.0;;;184.105.247.214;AbuseIPDB;03/03/2025
R687;;Reported abusive IP;10.0;;;65.49.1.157;AbuseIPDB;03/03/2025
R688;;Reported abusive IP;10.0;;;20.163.15.177;AbuseIPDB;03/03/2025
R689;;Reported abusive IP;10.0;;;167.71.39.75;AbuseIPDB;03/03/2025
R690;;Reported abusive IP;10.0;;;220.133.72.71;AbuseIPDB;03/03/2025
R691;;Reported abusive IP;10.0;;;65.49.1.58;AbuseIPDB;03/03/2025
R692;;Reported abusive IP;10.0;;;211.212.202.188;AbuseIPDB;03/03/2025
R693;;Reported abusive IP;10.0;;;196.251.87.74;AbuseIPDB;03/03/2025
R694;;Reported abusive IP;10.0;;;87.103.203.217;AbuseIPDB;03/03/2025
R695;;Reported abusive IP;10.0;;;59.126.81.234;AbuseIPDB;03/03/2025
R696;;Reported abusive IP;10.0;;;74.82.47.59;AbuseIPDB;03/03/2025
R697;;Reported abusive IP;10.0;;;222.218.10.175;AbuseIPDB;03/03/2025
R698;;Reported abusive IP;10.0;;;65.49.1.180;AbuseIPDB;03/03/2025
R699;;Reported abusive IP;10.0;;;184.105.247.242;AbuseIPDB;03/03/2025
R700;;Reported abusive IP;10.0;;;64.62.156.118;AbuseIPDB;03/03/2025
R701;;Reported abusive IP;10.0;;;74.82.47.17;AbuseIPDB;03/03/2025
R702;;Reported abusive IP;10.0;;;114.35.102.141;AbuseIPDB;03/03/2025
R703;;Reported abusive IP;10.0;;;122.116.39.100;AbuseIPDB;03/03/2025
R704;;Reported abusive IP;10.0;;;64.62.156.101;AbuseIPDB;03/03/2025
R705;;Reported abusive IP;10.0;;;47.156.85.116;AbuseIPDB;03/03/2025
R706;;Reported abusive IP;10.0;;;206.168.34.136;AbuseIPDB;03/03/2025
R707;;Reported abusive IP;10.0;;;193.163.125.182;AbuseIPDB;03/03/2025
R708;;Reported abusive IP;10.0;;;203.55.131.5;AbuseIPDB;03/03/2025
R709;;Reported abusive IP;10.0;;;196.251.84.4;AbuseIPDB;03/03/2025
R710;;Reported abusive IP;10.0;;;64.62.197.7;AbuseIPDB;03/03/2025
R711;;Reported abusive IP;10.0;;;218.154.40.49;AbuseIPDB;03/03/2025
R712;;Reported abusive IP;10.0;;;77.242.105.2;AbuseIPDB;03/03/2025
R713;;Reported abusive IP;10.0;;;8.221.141.183;AbuseIPDB;03/03/2025
R714;;Reported abusive IP;10.0;;;69.126.157.211;AbuseIPDB;03/03/2025
R715;;Reported abusive IP;10.0;;;64.62.156.53;AbuseIPDB;03/03/2025
R716;;Reported abusive IP;10.0;;;34.128.77.56;AbuseIPDB;03/03/2025
R717;;Reported abusive IP;10.0;;;122.117.118.183;AbuseIPDB;03/03/2025
R718;;Reported abusive IP;10.0;;;64.62.197.147;AbuseIPDB;03/03/2025
R719;;Reported abusive IP;10.0;;;1.34.145.215;AbuseIPDB;03/03/2025
R720;;Reported abusive IP;10.0;;;216.218.206.70;AbuseIPDB;03/03/2025
R721;;Reported abusive IP;10.0;;;8.211.50.226;AbuseIPDB;03/03/2025
R722;;Reported abusive IP;10.0;;;45.58.159.138;AbuseIPDB;03/03/2025
R723;;Reported abusive IP;10.0;;;100.29.192.29;AbuseIPDB;03/03/2025
R724;;Reported abusive IP;10.0;;;114.35.171.17;AbuseIPDB;03/03/2025
R725;;Reported abusive IP;10.0;;;91.199.163.52;AbuseIPDB;03/03/2025
R726;;Reported abusive IP;10.0;;;91.196.152.51;AbuseIPDB;03/03/2025
R727;;Reported abusive IP;10.0;;;220.132.238.70;AbuseIPDB;03/03/2025
R728;;Reported abusive IP;10.0;;;159.203.88.72;AbuseIPDB;03/03/2025
R729;;Reported abusive IP;10.0;;;20.29.22.63;AbuseIPDB;03/03/2025
R730;;Reported abusive IP;10.0;;;122.117.92.143;AbuseIPDB;03/03/2025
R731;;Reported abusive IP;10.0;;;206.189.19.19;AbuseIPDB;03/03/2025
R732;;Reported abusive IP;10.0;;;141.98.11.128;AbuseIPDB;03/03/2025
R733;;Reported abusive IP;10.0;;;206.168.34.139;AbuseIPDB;03/03/2025
R734;;Reported abusive IP;10.0;;;91.196.123.202;AbuseIPDB;03/03/2025
R735;;Reported abusive IP;10.0;;;122.117.243.194;AbuseIPDB;03/03/2025
R736;;Reported abusive IP;10.0;;;122.176.53.96;AbuseIPDB;03/03/2025
R737;;Reported abusive IP;10.0;;;206.168.34.145;AbuseIPDB;03/03/2025
R738;;Reported abusive IP;10.0;;;103.146.202.40;AbuseIPDB;03/03/2025
R739;;Reported abusive IP;10.0;;;168.194.74.3;AbuseIPDB;03/03/2025
R740;;Reported abusive IP;10.0;;;45.156.129.127;AbuseIPDB;03/03/2025
R741;;Reported abusive IP;10.0;;;71.6.134.235;AbuseIPDB;03/03/2025
R742;;Reported abusive IP;10.0;;;184.105.139.71;AbuseIPDB;03/03/2025
R743;;Reported abusive IP;10.0;;;65.49.1.15;AbuseIPDB;03/03/2025
R744;;Reported abusive IP;10.0;;;185.242.226.2;AbuseIPDB;03/03/2025
R745;;Reported abusive IP;10.0;;;193.168.175.171;AbuseIPDB;03/03/2025
R746;;Reported abusive IP;10.0;;;191.190.219.192;AbuseIPDB;03/03/2025
R747;;Reported abusive IP;10.0;;;65.49.1.136;AbuseIPDB;03/03/2025
R748;;Reported abusive IP;10.0;;;47.250.142.77;AbuseIPDB;03/03/2025
R749;;Reported abusive IP;10.0;;;65.49.20.99;AbuseIPDB;03/03/2025
R750;;Reported abusive IP;10.0;;;125.229.179.210;AbuseIPDB;03/03/2025
R751;;Reported abusive IP;10.0;;;47.251.92.0;AbuseIPDB;03/03/2025
R752;;Reported abusive IP;10.0;;;43.139.121.176;AbuseIPDB;03/03/2025
R753;;Reported abusive IP;10.0;;;59.126.39.217;AbuseIPDB;03/03/2025
R754;;Reported abusive IP;10.0;;;96.67.59.65;AbuseIPDB;03/03/2025
R755;;Reported abusive IP;10.0;;;65.49.1.98;AbuseIPDB;03/03/2025
R756;;Reported abusive IP;10.0;;;59.126.231.180;AbuseIPDB;03/03/2025
R757;;Reported abusive IP;10.0;;;193.163.125.133;AbuseIPDB;03/03/2025
R758;;Reported abusive IP;10.0;;;107.170.63.109;AbuseIPDB;03/03/2025
R759;;Reported abusive IP;10.0;;;64.62.197.217;AbuseIPDB;03/03/2025
R760;;Reported abusive IP;10.0;;;64.62.156.15;AbuseIPDB;03/03/2025
R761;;Reported abusive IP;10.0;;;64.62.156.89;AbuseIPDB;03/03/2025
R762;;Reported abusive IP;10.0;;;114.55.233.126;AbuseIPDB;03/03/2025
R763;;Reported abusive IP;10.0;;;47.251.66.187;AbuseIPDB;03/03/2025
R764;;Reported abusive IP;10.0;;;83.222.191.202;AbuseIPDB;03/03/2025
R765;;Reported abusive IP;10.0;;;65.49.1.170;AbuseIPDB;03/03/2025
R766;;Reported abusive IP;10.0;;;171.67.70.242;AbuseIPDB;03/03/2025
R767;;Reported abusive IP;10.0;;;74.82.47.39;AbuseIPDB;03/03/2025
R768;;Reported abusive IP;10.0;;;51.81.144.41;AbuseIPDB;03/03/2025
R769;;Reported abusive IP;10.0;;;184.105.247.231;AbuseIPDB;03/03/2025
R770;;Reported abusive IP;10.0;;;185.224.0.22;AbuseIPDB;03/03/2025
R771;;Reported abusive IP;10.0;;;193.163.125.146;AbuseIPDB;03/03/2025
R772;;Reported abusive IP;10.0;;;45.76.179.227;AbuseIPDB;03/03/2025
R773;;Reported abusive IP;10.0;;;61.31.108.48;AbuseIPDB;03/03/2025
R774;;Reported abusive IP;10.0;;;135.148.25.120;AbuseIPDB;03/03/2025
R775;;Reported abusive IP;10.0;;;185.224.0.160;AbuseIPDB;03/03/2025
R776;;Reported abusive IP;10.0;;;49.213.131.134;AbuseIPDB;03/03/2025
R777;;Reported abusive IP;10.0;;;185.224.0.115;AbuseIPDB;03/03/2025
R778;;Reported abusive IP;10.0;;;193.163.125.26;AbuseIPDB;03/03/2025
R779;;Reported abusive IP;10.0;;;184.105.247.222;AbuseIPDB;03/03/2025
R780;;Reported abusive IP;10.0;;;91.196.152.47;AbuseIPDB;03/03/2025
R781;;Reported abusive IP;10.0;;;157.230.161.249;AbuseIPDB;03/03/2025
R782;;Reported abusive IP;10.0;;;185.224.0.24;AbuseIPDB;03/03/2025
R783;;Reported abusive IP;10.0;;;45.142.193.247;AbuseIPDB;03/03/2025
R784;;Reported abusive IP;10.0;;;193.32.162.79;AbuseIPDB;03/03/2025
R785;;Reported abusive IP;10.0;;;35.216.187.42;AbuseIPDB;03/03/2025
R786;;Reported abusive IP;10.0;;;193.163.125.141;AbuseIPDB;03/03/2025
R787;;Reported abusive IP;10.0;;;193.163.125.185;AbuseIPDB;03/03/2025
R788;;Reported abusive IP;10.0;;;103.17.48.8;AbuseIPDB;03/03/2025
R789;;Reported abusive IP;10.0;;;193.163.125.237;AbuseIPDB;03/03/2025
R790;;Reported abusive IP;10.0;;;8.211.47.162;AbuseIPDB;03/03/2025
R791;;Reported abusive IP;10.0;;;198.74.56.187;AbuseIPDB;03/03/2025
R792;;Reported abusive IP;10.0;;;193.163.125.49;AbuseIPDB;03/03/2025
R793;;Reported abusive IP;10.0;;;135.148.213.248;AbuseIPDB;03/03/2025
R794;;Reported abusive IP;10.0;;;199.45.154.189;AbuseIPDB;03/03/2025
R795;;Reported abusive IP;10.0;;;114.35.90.41;AbuseIPDB;03/03/2025
R796;;Reported abusive IP;10.0;;;206.168.34.164;AbuseIPDB;03/03/2025
R797;;Reported abusive IP;10.0;;;193.163.125.27;AbuseIPDB;03/03/2025
R798;;Reported abusive IP;10.0;;;155.248.164.42;AbuseIPDB;03/03/2025
R799;;Reported abusive IP;10.0;;;111.53.116.82;AbuseIPDB;03/03/2025
R800;;Reported abusive IP;10.0;;;122.116.127.90;AbuseIPDB;03/03/2025
R801;;Reported abusive IP;10.0;;;92.118.39.84;AbuseIPDB;03/03/2025
R802;;Reported abusive IP;10.0;;;176.8.248.124;AbuseIPDB;03/03/2025
R803;;Reported abusive IP;10.0;;;47.74.61.35;AbuseIPDB;03/03/2025
R804;;Reported abusive IP;10.0;;;220.134.35.104;AbuseIPDB;03/03/2025
R805;;Reported abusive IP;10.0;;;218.161.113.187;AbuseIPDB;03/03/2025
R806;;Reported abusive IP;10.0;;;122.117.209.22;AbuseIPDB;03/03/2025
R807;;Reported abusive IP;10.0;;;185.16.38.107;AbuseIPDB;03/03/2025
R808;;Reported abusive IP;10.0;;;20.214.159.245;AbuseIPDB;03/03/2025
R809;;Reported abusive IP;10.0;;;59.126.129.172;AbuseIPDB;03/03/2025
R810;;Reported abusive IP;10.0;;;165.154.182.72;AbuseIPDB;03/03/2025
R811;;Reported abusive IP;10.0;;;103.203.57.4;AbuseIPDB;03/03/2025
R812;;Reported abusive IP;10.0;;;47.250.81.209;AbuseIPDB;03/03/2025
R813;;Reported abusive IP;10.0;;;193.163.125.206;AbuseIPDB;03/03/2025
R814;;Reported abusive IP;10.0;;;185.142.236.35;AbuseIPDB;03/03/2025
R815;;Reported abusive IP;10.0;;;177.53.116.27;AbuseIPDB;03/03/2025
R816;;Reported abusive IP;10.0;;;111.61.181.52;AbuseIPDB;03/03/2025
R817;;Reported abusive IP;10.0;;;113.164.234.202;AbuseIPDB;03/03/2025
R818;;Reported abusive IP;10.0;;;45.142.193.149;AbuseIPDB;03/03/2025
R819;;Reported abusive IP;10.0;;;216.218.206.80;AbuseIPDB;03/03/2025
R820;;Reported abusive IP;10.0;;;65.49.20.79;AbuseIPDB;03/03/2025
R821;;Reported abusive IP;10.0;;;193.163.125.233;AbuseIPDB;03/03/2025
R822;;Reported abusive IP;10.0;;;114.35.174.198;AbuseIPDB;03/03/2025
R823;;Reported abusive IP;10.0;;;184.105.139.122;AbuseIPDB;03/03/2025
R824;;Reported abusive IP;10.0;;;37.115.195.130;AbuseIPDB;03/03/2025
R825;;Reported abusive IP;10.0;;;192.210.228.228;AbuseIPDB;03/03/2025
R826;;Reported abusive IP;10.0;;;185.139.228.190;AbuseIPDB;03/03/2025
R827;;Reported abusive IP;10.0;;;64.62.197.120;AbuseIPDB;03/03/2025
R828;;Reported abusive IP;10.0;;;89.248.172.16;AbuseIPDB;03/03/2025
R829;;Reported abusive IP;10.0;;;185.224.0.110;AbuseIPDB;03/03/2025
R830;;Reported abusive IP;10.0;;;185.42.12.242;AbuseIPDB;03/03/2025
R831;;Reported abusive IP;10.0;;;114.35.175.31;AbuseIPDB;03/03/2025
R832;;Reported abusive IP;10.0;;;193.233.203.234;AbuseIPDB;03/03/2025
R833;;Reported abusive IP;10.0;;;71.6.134.233;AbuseIPDB;03/03/2025
R834;;Reported abusive IP;10.0;;;65.49.20.84;AbuseIPDB;03/03/2025
R835;;Reported abusive IP;10.0;;;64.62.197.178;AbuseIPDB;03/03/2025
R836;;Reported abusive IP;10.0;;;193.163.125.164;AbuseIPDB;03/03/2025
R837;;Reported abusive IP;10.0;;;59.126.96.240;AbuseIPDB;03/03/2025
R838;;Reported abusive IP;10.0;;;74.82.47.42;AbuseIPDB;03/03/2025
R839;;Reported abusive IP;10.0;;;137.184.159.33;AbuseIPDB;03/03/2025
R840;;Reported abusive IP;10.0;;;65.49.20.123;AbuseIPDB;03/03/2025
R841;;Reported abusive IP;10.0;;;67.199.190.172;AbuseIPDB;03/03/2025
R842;;Reported abusive IP;10.0;;;20.221.68.74;AbuseIPDB;03/03/2025
R843;;Reported abusive IP;10.0;;;184.105.247.235;AbuseIPDB;03/03/2025
R844;;Reported abusive IP;10.0;;;74.82.47.61;AbuseIPDB;03/03/2025
R845;;Reported abusive IP;10.0;;;207.90.244.2;AbuseIPDB;03/03/2025
R846;;Reported abusive IP;10.0;;;47.237.115.193;AbuseIPDB;03/03/2025
R847;;Reported abusive IP;10.0;;;65.49.1.72;AbuseIPDB;03/03/2025
R848;;Reported abusive IP;10.0;;;80.82.77.139;AbuseIPDB;03/03/2025
R849;;Reported abusive IP;10.0;;;59.126.32.3;AbuseIPDB;03/03/2025
R850;;Reported abusive IP;10.0;;;74.82.47.47;AbuseIPDB;03/03/2025
R851;;Reported abusive IP;10.0;;;220.250.52.123;AbuseIPDB;03/03/2025
R852;;Reported abusive IP;10.0;;;193.163.125.50;AbuseIPDB;03/03/2025
R853;;Reported abusive IP;10.0;;;64.62.156.109;AbuseIPDB;03/03/2025
R854;;Reported abusive IP;10.0;;;48.217.120.246;AbuseIPDB;03/03/2025
R855;;Reported abusive IP;10.0;;;100.29.192.74;AbuseIPDB;03/03/2025
R856;;Reported abusive IP;10.0;;;58.183.7.87;AbuseIPDB;03/03/2025
R857;;Reported abusive IP;10.0;;;185.165.191.26;AbuseIPDB;03/03/2025
R858;;Reported abusive IP;10.0;;;5.135.58.195;AbuseIPDB;03/03/2025
R859;;Reported abusive IP;10.0;;;104.194.9.66;AbuseIPDB;03/03/2025
R860;;Reported abusive IP;10.0;;;218.92.0.229;AbuseIPDB;03/03/2025
R861;;Reported abusive IP;10.0;;;220.133.203.74;AbuseIPDB;03/03/2025
R862;;Reported abusive IP;10.0;;;64.62.197.98;AbuseIPDB;03/03/2025
R863;;Reported abusive IP;10.0;;;220.133.134.26;AbuseIPDB;03/03/2025
R864;;Reported abusive IP;10.0;;;71.6.146.186;AbuseIPDB;03/03/2025
R865;;Reported abusive IP;10.0;;;8.211.42.134;AbuseIPDB;03/03/2025
R866;;Reported abusive IP;10.0;;;211.57.111.99;AbuseIPDB;03/03/2025
R867;;Reported abusive IP;10.0;;;86.148.53.44;AbuseIPDB;03/03/2025
R868;;Reported abusive IP;10.0;;;161.35.124.96;AbuseIPDB;03/03/2025
R869;;Reported abusive IP;10.0;;;92.118.39.36;AbuseIPDB;03/03/2025
R870;;Reported abusive IP;10.0;;;206.168.34.142;AbuseIPDB;03/03/2025
R871;;Reported abusive IP;10.0;;;107.189.29.59;AbuseIPDB;03/03/2025
R872;;Reported abusive IP;10.0;;;218.210.41.159;AbuseIPDB;03/03/2025
R873;;Reported abusive IP;10.0;;;122.169.103.158;AbuseIPDB;03/03/2025
R874;;Reported abusive IP;10.0;;;45.43.33.210;AbuseIPDB;03/03/2025
R875;;Reported abusive IP;10.0;;;218.161.62.233;AbuseIPDB;03/03/2025
R876;;Reported abusive IP;10.0;;;8.211.44.197;AbuseIPDB;03/03/2025
R877;;Reported abusive IP;10.0;;;64.62.197.159;AbuseIPDB;03/03/2025
R878;;Reported abusive IP;10.0;;;37.44.238.92;AbuseIPDB;03/03/2025
R879;;Reported abusive IP;10.0;;;94.159.113.38;AbuseIPDB;03/03/2025
R880;;Reported abusive IP;10.0;;;46.191.141.152;AbuseIPDB;03/03/2025
R881;;Reported abusive IP;10.0;;;122.117.33.133;AbuseIPDB;03/03/2025
R882;;Reported abusive IP;10.0;;;209.38.233.74;AbuseIPDB;03/03/2025
R883;;Reported abusive IP;10.0;;;116.81.45.191;AbuseIPDB;03/03/2025
R884;;Reported abusive IP;10.0;;;139.59.129.99;AbuseIPDB;03/03/2025
R885;;Reported abusive IP;10.0;;;8.221.138.213;AbuseIPDB;03/03/2025
R886;;Reported abusive IP;10.0;;;47.250.82.243;AbuseIPDB;03/03/2025
R887;;Reported abusive IP;10.0;;;64.62.197.131;AbuseIPDB;03/03/2025
R888;;Reported abusive IP;10.0;;;1.34.231.120;AbuseIPDB;03/03/2025
R889;;Reported abusive IP;10.0;;;81.233.235.40;AbuseIPDB;03/03/2025
R890;;Reported abusive IP;10.0;;;165.22.150.38;AbuseIPDB;03/03/2025
R891;;Reported abusive IP;10.0;;;66.240.192.138;AbuseIPDB;03/03/2025
R892;;Reported abusive IP;10.0;;;146.190.213.199;AbuseIPDB;03/03/2025
R893;;Reported abusive IP;10.0;;;199.45.154.178;AbuseIPDB;03/03/2025
R894;;Reported abusive IP;10.0;;;125.228.37.189;AbuseIPDB;03/03/2025
R895;;Reported abusive IP;10.0;;;65.49.1.55;AbuseIPDB;03/03/2025
R896;;Reported abusive IP;10.0;;;167.99.182.39;AbuseIPDB;03/03/2025
R897;;Reported abusive IP;10.0;;;139.59.157.215;AbuseIPDB;03/03/2025
R898;;Reported abusive IP;10.0;;;71.6.134.232;AbuseIPDB;03/03/2025
R899;;Reported abusive IP;10.0;;;223.8.42.166;AbuseIPDB;03/03/2025
R900;;Reported abusive IP;10.0;;;220.133.178.138;AbuseIPDB;03/03/2025
R901;;Reported abusive IP;10.0;;;112.28.10.23;AbuseIPDB;03/03/2025
R902;;Reported abusive IP;10.0;;;106.75.176.12;AbuseIPDB;03/03/2025
R903;;Reported abusive IP;10.0;;;199.45.154.190;AbuseIPDB;03/03/2025
R904;;Reported abusive IP;10.0;;;92.118.39.152;AbuseIPDB;03/03/2025
R905;;Reported abusive IP;10.0;;;65.49.1.122;AbuseIPDB;03/03/2025
R906;;Reported abusive IP;10.0;;;45.156.128.73;AbuseIPDB;03/03/2025
R907;;Reported abusive IP;10.0;;;218.150.190.162;AbuseIPDB;03/03/2025
R908;;Reported abusive IP;10.0;;;171.67.70.243;AbuseIPDB;03/03/2025
R909;;Reported abusive IP;10.0;;;193.163.125.145;AbuseIPDB;03/03/2025
R910;;Reported abusive IP;10.0;;;47.237.114.187;AbuseIPDB;03/03/2025
R911;;Reported abusive IP;10.0;;;193.163.125.110;AbuseIPDB;03/03/2025
R912;;Reported abusive IP;10.0;;;64.62.156.81;AbuseIPDB;03/03/2025
R913;;Reported abusive IP;10.0;;;220.133.158.34;AbuseIPDB;03/03/2025
R914;;Reported abusive IP;10.0;;;123.195.96.222;AbuseIPDB;03/03/2025
R915;;Reported abusive IP;10.0;;;220.132.127.146;AbuseIPDB;03/03/2025
R916;;Reported abusive IP;10.0;;;167.99.96.104;AbuseIPDB;03/03/2025
R917;;Reported abusive IP;10.0;;;191.7.70.90;AbuseIPDB;03/03/2025
R918;;Reported abusive IP;10.0;;;51.81.144.34;AbuseIPDB;03/03/2025
R919;;Reported abusive IP;10.0;;;107.173.10.98;AbuseIPDB;03/03/2025
R920;;Reported abusive IP;10.0;;;193.163.125.178;AbuseIPDB;03/03/2025
R921;;Reported abusive IP;10.0;;;47.243.116.26;AbuseIPDB;03/03/2025
R922;;Reported abusive IP;10.0;;;47.254.195.155;AbuseIPDB;03/03/2025
R923;;Reported abusive IP;10.0;;;64.62.197.25;AbuseIPDB;03/03/2025
R924;;Reported abusive IP;10.0;;;47.237.115.42;AbuseIPDB;03/03/2025
R925;;Reported abusive IP;10.0;;;102.212.40.124;AbuseIPDB;03/03/2025
R926;;Reported abusive IP;10.0;;;64.62.197.216;AbuseIPDB;03/03/2025
R927;;Reported abusive IP;10.0;;;47.251.15.9;AbuseIPDB;03/03/2025
R928;;Reported abusive IP;10.0;;;64.62.156.120;AbuseIPDB;03/03/2025
R929;;Reported abusive IP;10.0;;;164.52.0.91;AbuseIPDB;03/03/2025
R930;;Reported abusive IP;10.0;;;94.205.83.205;AbuseIPDB;03/03/2025
R931;;Reported abusive IP;10.0;;;206.168.34.151;AbuseIPDB;03/03/2025
R932;;Reported abusive IP;10.0;;;206.168.34.163;AbuseIPDB;03/03/2025
R933;;Reported abusive IP;10.0;;;223.122.196.153;AbuseIPDB;03/03/2025
R934;;Reported abusive IP;10.0;;;162.240.149.34;AbuseIPDB;03/03/2025
R935;;Reported abusive IP;10.0;;;64.62.156.79;AbuseIPDB;03/03/2025
R936;;Reported abusive IP;10.0;;;180.184.78.162;AbuseIPDB;03/03/2025
R937;;Reported abusive IP;10.0;;;47.254.148.248;AbuseIPDB;03/03/2025
R938;;Reported abusive IP;10.0;;;193.163.125.196;AbuseIPDB;03/03/2025
R939;;Reported abusive IP;10.0;;;208.105.193.45;AbuseIPDB;03/03/2025
R940;;Reported abusive IP;10.0;;;206.168.34.86;AbuseIPDB;03/03/2025
R941;;Reported abusive IP;10.0;;;222.239.214.122;AbuseIPDB;03/03/2025
R942;;Reported abusive IP;10.0;;;106.75.141.129;AbuseIPDB;03/03/2025
R943;;Reported abusive IP;10.0;;;49.49.224.96;AbuseIPDB;03/03/2025
R944;;Reported abusive IP;10.0;;;61.243.149.186;AbuseIPDB;03/03/2025
R945;;Reported abusive IP;10.0;;;193.163.125.36;AbuseIPDB;03/03/2025
R946;;Reported abusive IP;10.0;;;65.49.1.162;AbuseIPDB;03/03/2025
R947;;Reported abusive IP;10.0;;;193.163.125.113;AbuseIPDB;03/03/2025
R948;;Reported abusive IP;10.0;;;64.62.156.65;AbuseIPDB;03/03/2025
R949;;Reported abusive IP;10.0;;;206.168.34.149;AbuseIPDB;03/03/2025
R950;;Reported abusive IP;10.0;;;186.119.139.131;AbuseIPDB;03/03/2025
R951;;Reported abusive IP;10.0;;;64.62.197.239;AbuseIPDB;03/03/2025
R952;;Reported abusive IP;10.0;;;220.135.64.202;AbuseIPDB;03/03/2025
R953;;Reported abusive IP;10.0;;;212.248.64.254;AbuseIPDB;03/03/2025
R954;;Reported abusive IP;10.0;;;51.159.111.44;AbuseIPDB;03/03/2025
R955;;Reported abusive IP;10.0;;;176.8.86.78;AbuseIPDB;03/03/2025
R956;;Reported abusive IP;10.0;;;220.132.106.50;AbuseIPDB;03/03/2025
R957;;Reported abusive IP;10.0;;;218.92.0.213;AbuseIPDB;03/03/2025
R958;;Reported abusive IP;10.0;;;71.6.165.200;AbuseIPDB;03/03/2025
R959;;Reported abusive IP;10.0;;;42.63.243.22;AbuseIPDB;03/03/2025
R960;;Reported abusive IP;10.0;;;111.67.196.145;AbuseIPDB;03/03/2025
R961;;Reported abusive IP;10.0;;;120.224.132.168;AbuseIPDB;03/03/2025
R962;;Reported abusive IP;10.0;;;71.6.232.28;AbuseIPDB;03/03/2025
R963;;Reported abusive IP;10.0;;;220.134.37.228;AbuseIPDB;03/03/2025
R964;;Reported abusive IP;10.0;;;196.251.87.35;AbuseIPDB;03/03/2025
R965;;Reported abusive IP;10.0;;;94.159.113.24;AbuseIPDB;03/03/2025
R966;;Reported abusive IP;10.0;;;92.118.39.71;AbuseIPDB;03/03/2025
R967;;Reported abusive IP;10.0;;;184.105.139.78;AbuseIPDB;03/03/2025
R968;;Reported abusive IP;10.0;;;74.82.47.18;AbuseIPDB;03/03/2025
R969;;Reported abusive IP;10.0;;;146.190.103.103;AbuseIPDB;03/03/2025
R970;;Reported abusive IP;10.0;;;185.98.165.140;AbuseIPDB;03/03/2025
R971;;Reported abusive IP;10.0;;;8.211.162.45;AbuseIPDB;03/03/2025
R972;;Reported abusive IP;10.0;;;65.49.20.101;AbuseIPDB;03/03/2025
R973;;Reported abusive IP;10.0;;;66.240.219.146;AbuseIPDB;03/03/2025
R974;;Reported abusive IP;10.0;;;65.49.1.96;AbuseIPDB;03/03/2025
R975;;Reported abusive IP;10.0;;;118.150.171.11;AbuseIPDB;03/03/2025
R976;;Reported abusive IP;10.0;;;184.105.247.198;AbuseIPDB;03/03/2025
R977;;Reported abusive IP;10.0;;;206.168.34.161;AbuseIPDB;03/03/2025
R978;;Reported abusive IP;10.0;;;184.105.139.116;AbuseIPDB;03/03/2025
R979;;Reported abusive IP;10.0;;;207.90.244.6;AbuseIPDB;03/03/2025
R980;;Reported abusive IP;10.0;;;59.120.17.53;AbuseIPDB;03/03/2025
R981;;Reported abusive IP;10.0;;;220.132.54.11;AbuseIPDB;03/03/2025
R982;;Reported abusive IP;10.0;;;42.177.209.66;AbuseIPDB;03/03/2025
R983;;Reported abusive IP;10.0;;;184.105.247.238;AbuseIPDB;03/03/2025
R984;;Reported abusive IP;10.0;;;103.203.57.16;AbuseIPDB;03/03/2025
R985;;Reported abusive IP;10.0;;;65.49.1.158;AbuseIPDB;03/03/2025
R986;;Reported abusive IP;10.0;;;65.49.20.94;AbuseIPDB;03/03/2025
R987;;Reported abusive IP;10.0;;;65.49.1.24;AbuseIPDB;03/03/2025
R988;;Reported abusive IP;10.0;;;45.79.151.126;AbuseIPDB;03/03/2025
R989;;Reported abusive IP;10.0;;;64.62.197.128;AbuseIPDB;03/03/2025
R990;;Reported abusive IP;10.0;;;193.163.125.126;AbuseIPDB;03/03/2025
R991;;Reported abusive IP;10.0;;;185.142.236.40;AbuseIPDB;03/03/2025
R992;;Reported abusive IP;10.0;;;198.98.52.77;AbuseIPDB;03/03/2025
R993;;Reported abusive IP;10.0;;;184.105.247.247;AbuseIPDB;03/03/2025
R994;;Reported abusive IP;10.0;;;223.99.200.254;AbuseIPDB;03/03/2025
R995;;Reported abusive IP;10.0;;;59.126.41.64;AbuseIPDB;03/03/2025
R996;;Reported abusive IP;10.0;;;193.3.53.4;AbuseIPDB;03/03/2025
R997;;Reported abusive IP;10.0;;;47.251.90.59;AbuseIPDB;03/03/2025
R998;;Reported abusive IP;10.0;;;125.59.24.232;AbuseIPDB;03/03/2025
R999;;Reported abusive IP;10.0;;;64.62.197.121;AbuseIPDB;03/03/2025
R1000;;Reported abusive IP;10.0;;;196.251.113.65;AbuseIPDB;03/03/2025
R1001;;Reported abusive IP;10.0;;;199.45.154.182;AbuseIPDB;03/03/2025
R1002;;Reported abusive IP;10.0;;;125.229.240.71;AbuseIPDB;03/03/2025
R1003;;Reported abusive IP;10.0;;;143.198.178.19;AbuseIPDB;03/03/2025
R1004;;Reported abusive IP;10.0;;;222.118.50.92;AbuseIPDB;03/03/2025
R1005;;Reported abusive IP;10.0;;;65.49.1.100;AbuseIPDB;03/03/2025
R1006;;Reported abusive IP;10.0;;;207.90.244.16;AbuseIPDB;03/03/2025
R1007;;Reported abusive IP;10.0;;;184.105.247.211;AbuseIPDB;03/03/2025
R1008;;Reported abusive IP;10.0;;;125.212.198.118;AbuseIPDB;03/03/2025
R1009;;Reported abusive IP;10.0;;;47.251.85.4;AbuseIPDB;03/03/2025
R1010;;Reported abusive IP;10.0;;;184.105.247.244;AbuseIPDB;03/03/2025
R1011;;Reported abusive IP;10.0;;;47.251.88.50;AbuseIPDB;03/03/2025
R1012;;Reported abusive IP;10.0;;;59.126.61.136;AbuseIPDB;03/03/2025
R1013;;Reported abusive IP;10.0;;;64.62.197.224;AbuseIPDB;03/03/2025
R1014;;Reported abusive IP;10.0;;;209.141.48.207;AbuseIPDB;03/03/2025
R1015;;Reported abusive IP;10.0;;;15.235.189.157;AbuseIPDB;03/03/2025
R1016;CVE-2025-1819;A vulnerability, which was classified as critical,;6.3;;tcp;;NVD;03/03/2025
R1017;CVE-2025-26466;A flaw was found in the OpenSSH package. For each ;5.9;;tcp;;NVD;03/03/2025
R1018;CVE-2025-27414;MinIO is a high performance object storage. Starti;N/A;;tcp;;NVD;03/03/2025
R1019;CVE-2024-57974;In the Linux kernel, the following vulnerability h;N/A;;tcp;;NVD;03/03/2025
R1020;CVE-2025-22869;SSH servers which implement file transfer protocol;N/A;;tcp;;NVD;03/03/2025
